"eng_size_l","fuelcomblit","co2_emit"
2,8.5,196
2.4,9.6,221
1.5,5.9,136
3.5,11.1,255
3.5,10.6,244
3.5,10,230
3.5,10.1,232
3.7,11.1,255
3.7,11.6,267
2.4,9.2,212
2.4,9.8,225
3.5,10.4,239
1.8,8.4,193
5.9,15.6,359
5.9,15.6,359
4.7,14.7,338
4.7,15.4,354
4.7,14.7,338
4.7,15.4,354
5.9,15.6,359
2,8.8,202
2,10,230
2,9.3,214
2,10,230
2,10,230
2,9.3,214
2,10.2,235
3,10.9,251
3,8.1,217
3,11.2,262
3,8.1,217
3,11.2,258
4,11.3,265
3,8.4,224
3,11.2,258
4,12.5,288
6.3,15.5,363
3,8.4,224
2,10.5,242
2,10.4,239
3,11.2,258
3,9,244
2,9.2,212
3,13.2,304
3,10.7,290
4.2,14.6,336
4.2,17.7,407
5.2,14.8,347
5.2,17.8,409
4.2,14.6,336
4.2,17.7,407
5.2,14.8,347
5.2,17.8,409
4.2,13.3,306
4.2,13.4,308
4,12.5,293
3,11.4,262
3,12.4,285
3,11.4,262
3,12.4,285
3,11.6,267
4,12.2,281
4,12.2,281
4,12.8,300
3,12.7,292
2,9.1,209
2,9.1,209
2,10.3,237
2,10.3,237
4,13.4,314
6,15.5,356
4,14.2,332
6,16.5,380
6,16.5,380
6,16.5,388
6.8,19,437
2,8.4,193
2,8.7,200
2,8.8,202
2,6.7,181
2,6.7,181
2,8.4,193
2,8.7,200
2,9.1,209
2,9.1,209
2,9.1,209
3,9.6,221
3,10,230
3,9.9,228
3,10.3,237
3,10.1,232
2,8.4,193
2,8.7,200
2,9.1,209
3,9.6,221
3,10,230
3,9.9,228
3,10.3,237
2,8.8,202
2,9.1,209
3,7.9,213
3,10.1,232
3,10.7,246
4.4,12.2,281
4.4,12.7,292
3,10.1,232
4.4,12.7,292
4.4,12.2,281
4.4,12.7,292
3,10.7,246
4.4,12.7,292
4.4,12.7,292
6,15.5,356
3,8.3,191
3,9.3,214
3,9.2,212
4.4,12.7,292
4.4,12.7,292
4.4,14.7,338
4.4,13.8,317
4.4,14.7,338
4.4,13.8,317
4.4,14.7,338
4.4,13.8,317
4.4,14.7,338
4.4,13.8,317
2,9.1,209
3,11.3,260
2,10,230
3,11,253
3,11.1,255
4.4,13.9,320
4.4,16.1,370
3,11.9,274
4.4,14.1,324
2,9.1,209
2,8.7,200
3,12.1,278
3,11,253
3,12.1,278
3.6,12.3,283
3.6,12.6,290
1.4,8.5,196
1.4,9.2,212
3.6,11.5,264
3.6,15.6,250
3.6,11.5,264
3.6,16.5,264
2.4,8.2,189
2,9.9,228
2,9.8,225
2,10.7,246
2.4,8.2,189
2,9.9,228
2,9.8,225
2.4,9.5,218
2,9.6,221
2,10.2,235
2.5,9,207
3.6,10.9,251
2,10.1,232
3.6,11.3,260
3.6,11.2,258
3.6,11.4,262
2,10.1,232
3.6,10.8,248
2,10.8,248
3.6,11.3,260
3.6,12.8,294
3,11,253
3.6,11.3,260
3,11.1,255
3.6,11.4,262
6.2,16.6,382
6.2,14.8,340
6.2,16.6,382
6.2,14.8,340
6.2,16.6,382
6.2,14.8,340
6.2,14.7,338
6.2,20.1,322
6.2,16.4,377
6.2,22.1,354
3.6,12.3,283
3.6,12.8,294
3.6,11.4,262
3.6,11.8,271
3.6,12.6,290
3.6,11.2,258
3.6,11.7,269
3.6,10.5,242
6.2,12.8,294
6.2,12.7,292
6.2,16.6,382
6.2,14.8,340
6.2,12,276
6.2,11.2,258
1.4,7.8,179
1.4,7.8,179
1.8,8.8,202
1.8,8.2,189
2,7.1,192
1.4,7.7,177
1.4,7.1,163
2.4,9.1,209
3.6,12,276
3.6,16.2,259
2.4,10,230
3.6,12.6,290
3.6,17,272
4.3,15.1,347
5.3,15.9,366
5.3,20.9,334
5.3,16.5,380
5.3,21.5,344
5.3,16.5,380
5.3,21.5,344
5.3,16.5,380
5.3,22.6,362
5.3,16.5,380
5.3,21.5,344
5.3,16.5,380
5.3,22.6,362
4.8,18,414
6,18.8,432
6,25.7,411
4.8,18.2,419
6,18.9,435
6,25.8,413
2.5,9.6,221
3.6,10.6,244
3.6,14.3,229
2.4,8.7,200
2,9.9,228
2.5,8,184
2.4,10.6,244
2.4,10.2,235
4.3,11.8,271
4.3,16.8,269
5.3,12.7,292
5.3,16.9,270
6.2,14.1,324
4.3,12.6,290
4.3,17.8,285
5.3,13,299
5.3,17.3,277
6.2,14.3,329
1.4,8,184
1.4,7.5,173
1.8,8.3,191
1.8,7.9,182
1.4,8.3,191
1.4,8,184
1.4,8,184
1.4,7.5,172
1.8,8.3,191
1.8,7.9,182
1.4,8.3,191
1.4,8,184
1.2,6.9,159
1.2,6.9,159
5.3,13.8,317
5.3,18.4,294
5.3,13.8,317
5.3,18.4,294
5.3,13.8,317
5.3,18.4,294
5.3,13.8,317
5.3,18.4,294
3.6,12.3,283
3.6,12.6,290
1.4,8.4,193
1.4,8.1,186
1.4,9,207
3.6,10.3,237
2.4,10.1,232
2.4,10.7,246
3.6,10.5,242
3.6,14.4,230
2.4,9.8,225
2.4,10,230
3.6,10.5,242
3.6,14.4,230
5.7,12.8,294
3.6,10.9,251
5.7,13.4,308
3.6,10.9,251
3.6,14.8,237
3.6,10.3,237
3.6,13.9,222
6.4,13.8,317
3.6,12,276
3.6,16.8,269
2.4,9.8,225
2.4,10,230
3.6,10.5,242
3.6,14.4,230
3.6,11.2,258
5.7,13.1,301
5.7,12.8,294
6.4,13.9,320
6.4,13.8,317
3.6,11.2,258
3.6,10.3,237
5.7,12.8,294
3.6,10.9,251
5.7,13.4,308
3.6,10.9,251
3.6,14.8,237
3.6,11.2,258
3.6,15.7,251
3.6,10.2,235
3.6,13.9,222
6.4,13.8,317
2,8.1,186
2.4,8.6,198
2.4,8.8,202
2,8.6,198
2,12.2,195
2.4,9.2,212
2.4,8.8,202
1.4,7.3,168
1.4,7.3,168
5.7,14.4,331
3.6,12.1,278
3.6,15.6,250
3.6,11.8,271
3.6,16.5,264
2.4,11.1,255
3.6,12.4,285
3.6,12,276
3.6,16.2,259
1.4,7.8,179
1.4,7.8,179
1.4,7.9,182
1.4,7.2,166
1.4,7.8,179
1.4,7.9,182
1.4,6.8,156
1.4,7.8,179
1.4,8.7,200
1.4,8.4,193
2,6,138
4.6,16.2,373
4.6,21.9,350
5.4,17.2,396
5.4,22.5,360
4.6,16.8,386
4.6,23,368
6.8,21.2,488
5.4,18.3,421
5.4,23.9,382
2,9.8,225
3.5,10.8,248
3.5,11.5,264
3.7,12.2,281
1.6,9.1,209
2,9.6,221
2.5,9.4,216
1.6,9.3,214
2,10,230
5.4,16,368
5.4,21.6,346
2,10.2,235
3.5,13,299
3.5,11.9,274
3.5,15.9,254
3.5,12.5,288
3.5,16.7,267
3.5,12.7,292
3.5,12.8,294
6.2,15.9,366
3.5,13.8,317
3.5,13.4,308
6.2,17.5,402
3.7,12.3,283
3.7,16.5,264
3.7,12.3,283
3.7,16.5,264
5,14.6,336
5,19.7,315
5,14.6,336
5,19.7,315
3.7,13.4,308
3.7,18,288
3.7,13.4,308
3.7,18,288
5,14.9,343
5,20,320
5,14.8,340
5,19.9,318
6.2,18,414
1.6,7.6,175
1.6,7.6,175
1,6.6,152
1.6,7,161
1.6,8,184
3.5,11.5,264
3.5,12.1,278
3.5,12.8,294
2,8.9,205
2,7.7,177
2,10.3,165
2,7.8,179
2,10.3,165
2,8,184
2,10.6,170
2,7.2,166
2,10.1,162
1.5,8.5,196
1.6,8.1,186
2,9,207
2.5,8.9,205
1.5,8.1,186
2,9.4,216
2,5.5,126
3.7,10.2,235
3.7,10.6,244
5,11.5,264
5,12.7,292
5.8,13.2,304
3.7,10.6,244
2,9.1,209
3.5,11.8,271
3.5,10.3,237
3.5,14.3,229
3.5,11.2,258
3.5,15.7,251
1.6,9.5,218
2.5,9.9,228
1.6,10.1,232
2.5,10.4,239
3.6,12.3,283
3.6,12.9,297
4.3,15.1,347
5.3,15.9,366
5.3,20.9,334
5.3,16.5,380
5.3,21.5,344
5.3,16.5,380
5.3,21.5,344
5.3,16.5,380
5.3,22.6,362
5.3,16.5,380
5.3,21.5,344
5.3,16.5,380
5.3,22.6,362
4.8,18,414
6,18.8,432
6,25.7,411
4.8,18.2,419
6,18.9,435
6,25.8,413
4.3,11.8,271
4.3,16.8,269
5.3,12.7,292
5.3,16.9,270
6.2,14.1,324
4.3,12.6,290
4.3,17.8,285
5.3,13,299
5.3,17.3,277
6.2,14.3,329
2.4,9.1,209
3.6,12,276
3.6,16.2,259
2.4,10,230
3.6,12.6,290
3.6,17,272
5.3,13.8,317
5.3,18.4,294
5.3,13.8,317
5.3,18.4,294
6.2,14.7,338
6.2,20.1,322
6.2,16.4,377
6.2,22.1,354
5.3,13.8,317
5.3,18.4,294
5.3,13.8,317
5.3,18.4,294
2.4,7.9,182
2.4,8.1,186
2.4,8.7,200
3.5,9.1,209
3.5,9.6,221
3.5,10.9,251
2,4.8,110
1.8,7,161
1.8,7.2,166
1.8,7.6,175
3.5,10.7,246
2.4,9.1,209
2.4,9.4,216
1.5,6.3,145
1.5,6.9,159
1.5,7.5,172
1.5,7.7,177
3.5,10.6,244
3.5,11.5,265
3.5,12,276
3.5,13.4,308
1.6,7.7,177
1.6,7.7,177
2,8.6,198
2,8.5,196
5,13.2,304
3.8,11.1,255
3.3,11.2,258
3.3,11.6,267
2.4,10.3,237
2,11.5,264
2.4,11.1,255
2,9.6,221
2.4,8.5,196
2.4,6.2,143
2.4,6.3,145
2,9.3,214
2,10.1,232
2.4,10,230
2,10.5,242
2.4,10.6,244
1.6,7.7,177
1.6,8,184
1.6,8.8,202
1.6,8.5,196
3.7,10.2,235
3.7,10.8,248
3.5,7.5,172
3.5,8.2,189
3.7,11.5,265
3.7,11.7,269
3.7,12.3,283
3.7,11.1,255
3.7,11.6,267
3.7,11,253
5.6,12.3,283
3.7,11.6,267
5.6,12.8,294
3.5,7.6,175
3.7,11.8,271
3.5,10.6,244
3.5,11,253
2.5,8.5,196
3.7,12.8,294
5,14.5,334
5.6,15,345
3,10.3,237
3,10.6,244
5,12.8,294
2,10.5,242
3,12.2,281
5,13.3,306
5,18.1,290
5,13.3,306
3,12.4,285
5,13.3,306
5,17.5,280
3,12.4,285
5,13.3,306
5,17.5,280
5,13.3,306
5,13.3,306
5,13.1,301
5,12.6,290
5,13.7,315
5,13.5,310
5,13.7,315
5,13.5,310
2.4,9.5,218
3.2,10.5,242
2.4,10,230
3.2,10.8,248
2.4,10.1,232
3.2,11,253
2.4,10.9,251
3.2,11.6,267
2,9.9,228
2,9.8,225
2,9.1,209
2.4,9.8,225
2.4,9.4,216
2.4,10.2,235
2.4,9.4,216
2.4,11.1,255
5.7,14.8,340
3,9.9,267
3.6,12.1,278
3.6,15.6,250
6.4,15.8,363
2,9.9,228
2,9.8,225
2,9.1,209
2.4,9.8,225
2.4,9.4,216
2.4,10.2,235
2.4,9.4,216
2.4,11.1,255
3.6,12.8,294
3.6,12.8,294
3.6,13.4,308
3.6,13.4,308
3.3,10.9,251
1.8,8.3,191
1.8,8,184
2,8.4,193
2,8.4,193
1.6,9.7,223
1.6,9.8,225
2,8.4,193
2,8.5,196
1.6,9.4,216
1.6,9.6,221
2,8.4,193
2,8.6,198
2,9.9,228
2.4,8.7,200
2.4,6.2,143
2.4,6.4,147
1.6,7.6,175
1.6,7.7,177
1.6,7.6,175
2,9.2,212
2,9.3,214
3.5,12,276
2.4,10.3,237
3.3,11.4,262
2.4,11,253
3.3,11.8,271
1.6,8.9,205
1.6,9,207
2,9.1,209
2,8.8,202
2.4,10,230
2.4,11.3,260
2,11.4,262
2.4,10.7,246
6.5,18.3,421
5.2,15.7,361
5.2,17.4,400
2,11.9,274
3,14.5,334
2,9.8,225
2,9.8,225
5,15.4,354
5,15.1,347
5,21.4,342
3,12.4,285
3,12.4,285
3,17.4,278
5,15,345
5,14.7,338
5,20.7,331
3,12.3,283
3,12.3,283
3,17.3,277
5,15.4,354
5,15.1,347
5,21.4,342
1.8,5.6,129
2.5,6,138
3.5,9.6,221
3.5,10.4,239
3.5,11,253
3.5,7.6,175
4.6,13.9,320
2.5,9.7,223
2.5,10.4,239
2.5,9.7,223
3.5,10.6,244
3.5,11,253
3.5,10.6,244
5,12.6,290
4.6,12.3,283
4.6,12.9,297
4.6,12.9,297
5,11.4,262
5.7,16.5,380
3.5,11.7,269
3.5,11.1,255
3.5,8.2,189
3.5,11.8,271
3.7,11.3,260
3.5,12.8,294
2,10.2,235
3.7,12.2,281
3.7,12.2,281
2,9,207
3.7,11.4,262
2,6.3,145
5.4,16,368
5.4,21.6,346
3,12.7,292
3,12.7,292
4.7,15.1,347
4.7,15.3,352
3.8,14.5,334
3,13.1,301
2,8.2,189
2,8,184
2.5,8.6,198
2,8.5,196
2.5,8.9,205
3.7,12.3,283
3.7,12.6,290
1.5,7.7,177
1.5,7.4,170
2,6.9,159
2,7,161
2.5,7.4,170
2.5,7.3,168
2,7,161
2,7.1,163
2,7.2,166
2.5,7.7,177
2.5,7.3,168
2,7.2,166
2.5,9.7,223
2.5,9.8,225
2.5,7.6,175
2.5,8.1,186
2.5,7.3,168
2,10.2,235
2,9.6,221
2,9.9,228
2,8,184
1.8,9.4,216
1.8,9.4,216
3.5,10.5,242
3.5,14,224
3.5,10.5,242
3.5,10.4,239
3.5,10.6,244
3.5,10.5,242
6.2,15.1,347
6.2,15.3,352
4.7,13.2,304
5.5,13.4,308
2,7.8,179
2,9.2,212
4.7,11.5,264
5.5,13.1,301
5.5,13.1,301
2.1,7.2,194
3.5,10.2,235
3.5,10,230
3.5,10.4,239
3.5,10.5,242
3.5,10.4,239
3.5,10.2,235
3.5,8.8,202
4.7,11.6,267
4.7,11.7,269
4.7,11.4,262
5.5,12.9,297
5.5,13.5,310
5.5,12.9,297
5.5,13.5,310
5.5,18.2,419
5.5,17.7,407
3,12,324
4.7,15.2,350
4.7,15.6,359
5.5,15.8,363
2.1,8.5,230
3.5,11.3,260
3.5,12.1,278
3.5,16,256
3,10.3,278
4.7,14.2,327
5.5,15.5,356
4.7,12.1,278
4.7,12,276
5.5,13.2,304
4.7,11.7,269
5.5,12.7,292
6,14.2,327
1.8,8.9,205
1.8,9,207
3.5,9.8,225
5.5,10.7,246
6.2,16.5,380
6.2,15.7,361
6.2,15.7,361
1.6,7.8,179
1.6,7.8,179
1.6,7.8,179
1.6,7.8,179
1.6,8.7,200
1.6,7.8,179
1.6,7.6,175
1.6,7.3,168
1.6,8.7,200
1.6,7.8,179
1.6,7.8,179
1.6,7.8,179
1.6,8.3,191
1.6,8,184
1.6,8.3,191
1.6,8,184
1.6,9,207
1.6,8.5,196
1.6,8.3,191
1.6,8,184
1.6,9,207
1.6,8.5,196
1.6,8.3,191
1.6,8,184
1.6,8.3,191
1.6,8,184
1.6,8.3,191
1.6,8,184
1.6,9,207
1.6,8.5,196
1.6,8.3,191
1.6,8,184
1.6,9,207
1.6,8.5,196
1.6,8.3,191
1.6,8,184
2,8.2,189
2,8.3,191
2.4,9.5,218
2,12.5,288
2,12.3,283
2,11.6,267
2,8.6,198
2,8.6,198
1.2,6,138
1.2,6.4,147
2.4,8.6,198
2.4,9.1,209
3,10.2,235
2,8.7,200
2,8.8,202
2,9,207
3.7,11,253
3.7,11.5,264
3.7,11.4,262
3.7,11.7,269
2.5,7.6,175
3.5,9.3,214
5.6,16.5,380
2.5,12.3,283
2.5,11.3,260
4,12.7,292
4,13.7,315
4,13.1,301
3.8,12.9,297
1.6,8.1,186
1.6,8.6,198
1.6,8.7,200
3.5,10.9,251
3.5,11.8,271
2,9.3,214
3.5,10.6,244
3.5,11,253
2.5,8.8,202
3.5,11.1,255
2.5,8.3,191
2.5,8.6,198
1.8,7,161
1.8,7.8,179
5.6,15.6,359
5.6,17.3,398
1.6,6.6,152
1.6,7.7,177
4,14.2,327
4,13.7,315
3.4,10.1,232
3.4,10.7,246
3.4,10.3,237
3.4,10.7,246
3.4,10.5,242
3.4,11,253
3.8,10.8,248
3.8,11,253
3.8,11,253
3.8,11.2,258
3.4,10.1,232
3.4,10.7,246
3.8,10.6,244
3.8,10.8,248
3.8,10.7,246
3.8,10.9,251
3.8,14,322
3.8,11.9,274
3.8,11.9,274
3.8,11.9,274
3.8,11.9,274
2.7,9.2,212
2.7,9.9,228
3.4,9.8,225
3.4,10.4,239
3.6,12.4,290
3.6,13.6,313
3,10.2,277
4.8,14.4,338
4.8,13.2,310
3,10.9,251
4.8,13.9,326
4.8,15.2,358
2.7,9.2,212
2.7,9.9,228
3.4,9.8,225
3.4,10.4,239
3.6,10.9,251
3.6,11.1,255
3,11.3,260
3,11.5,264
4.8,12.7,292
3,11.3,260
4.8,12.8,294
4.8,12.9,297
5.7,14.8,340
5.7,13.6,313
5.7,15.4,354
5.7,14.1,324
3,10.6,286
3.6,12.6,290
3.6,17.8,285
3,10.2,275
3.6,11.9,274
3.6,16.8,269
3.6,11.3,260
3.6,11.4,262
3.6,15.9,254
6.6,16,368
6.6,16,368
6.7,17.1,393
6.7,17.1,393
6.7,17.1,393
6.7,17.1,393
6.6,15.6,359
2,8.4,193
2,9.5,218
1.3,6.2,143
2.5,9,207
2.5,9,207
2.4,9.9,228
2.4,9.9,228
1.8,8,184
1.8,7.9,182
1,6.4,147
1,6.4,147
8.4,16.9,389
8.4,16.9,389
2,8.5,196
2,9.6,221
2,9.5,218
2.5,8.6,198
2.5,9.7,223
2,7.8,179
2,8.5,196
2.5,11.2,258
2.5,12.5,288
2,7.8,179
2,8.5,196
2.5,11.2,258
2.5,12.5,288
2.5,8.6,198
2.5,9.9,228
3.6,11.6,267
2.5,9,207
2.5,9.8,225
3.6,11.7,269
3.6,13.1,301
2,8.5,196
2,9.2,212
2,7.7,177
4,12.9,297
4,12.9,297
3.5,9.6,221
2.5,8.2,189
3.5,9.6,221
2.5,5.7,131
2.5,6,138
1.8,7.7,177
1.8,7.3,168
1.8,7.1,163
1.8,7.4,170
1.8,6.8,156
1.8,6.9,159
1.8,8.5,196
1.8,8.2,189
4,12.9,297
4,13.9,320
2.7,10.3,237
3.5,11.2,258
3.5,11.5,264
3.5,8.3,191
3.5,8.2,189
1.8,4.8,110
1.5,4.7,108
1.8,5.5,126
2.5,8.9,205
2.5,9.4,216
2.5,9.5,218
5.7,16.7,384
3.5,11.3,260
3.5,12.4,285
2.7,10.9,251
2.7,10.2,235
4,13.1,301
2.7,11.9,274
2.7,11.8,271
4,13.3,306
4,14,322
4,13.5,310
4.6,14.3,329
5.7,15.5,356
4.6,15.1,347
5.7,16.2,373
2.7,10,230
3.5,11,253
2.7,10.2,235
3.5,11.3,260
1.5,7.3,168
1.5,7.1,163
1.8,8.5,196
1.8,8.7,200
2,9.1,209
2,9.4,216
2.5,9.8,225
2.5,9.6,221
2,7.4,200
2,7.7,208
1.8,8.7,200
2,9.3,214
2,9.4,216
2.5,10.1,232
2,9.7,223
2,9.8,225
3.6,12.3,283
2,9.6,221
2.5,9.5,218
2.5,9.4,216
2,7.4,198
2,7.3,196
1.8,8.2,189
1.8,8.2,189
2,9.4,216
2,9,207
2,7.4,198
2,7.3,196
2,9,207
2,9.2,212
1.4,5.4,124
1.8,8.6,198
1.8,8.6,198
2.5,9.7,223
2.5,9.8,225
3.6,10.8,248
2,6.9,180
3.6,12.1,278
2,10.7,246
2,11.6,267
2,10.7,246
3.6,12.6,296
3,10.2,277
2.5,9.7,223
2.5,10.1,232
3,11.5,264
3.2,10.2,235
3,11.5,264
3.2,11.2,258
3,11.8,271
3.2,11.5,264
3,11.8,271
3.2,11.3,260
3.2,12.8,294
2,8.3,191
2.4,9.3,214
1.5,6.1,140
3.5,11.1,255
3.5,10.6,244
3.5,10,230
3.5,7.7,177
2.4,8.3,191
3.5,9.2,212
3.5,9.6,221
1.8,8.4,193
5.9,15.6,359
6,14.2,327
4.7,14.7,338
4.7,15.5,356
4.7,14.7,338
4.7,15.5,356
6,16.5,379
4.7,14.7,338
4.7,15.5,356
6,14.8,340
1.8,8.7,200
2,6.5,177
2,8.6,198
2,8.9,205
2,8.9,205
2,9.6,221
2,9.1,209
2,9.9,228
2,9.6,221
2,9.1,209
2,9.8,225
2,10.3,237
3,10.9,251
3,8.1,217
3,11,253
3,8.1,217
3,10.5,242
4,10.7,246
3,8.4,224
3,10.5,242
4,11,258
6.3,14.6,344
3,8.4,224
2,10.3,237
2,10.3,237
2,10.4,239
3,11.4,262
3,9,244
2,8.9,205
3,13.3,306
3,10.7,290
4.2,14.2,327
4.2,16.6,382
5.2,14.8,347
5.2,16.4,377
4.2,14.2,327
4.2,16.6,382
5.2,14.8,347
5.2,16.4,377
4.2,12.8,294
4.2,12.9,297
4,13.3,313
2,9,207
3,11,253
3,11.7,269
3,11,253
3,11.7,269
3,11.4,262
4,11.7,269
4,11.7,269
4,11.9,281
3,12.2,281
2,9.1,209
2,9.2,212
2,10.2,235
2,10.2,235
4,13.1,307
6,15.4,354
4,14.4,337
6,16,368
4,14.2,327
4,14.2,334
6,16.5,388
6.8,18.2,419
2,8.9,205
2,8.4,193
2,9,207
2,9.1,209
2,8.7,200
2,8.4,193
2,9,207
2,8.7,200
2,6.7,181
2,6.7,181
2,8.4,193
2,9,207
2,9.1,209
2,9.1,209
2,9.1,209
3,9.6,221
3,9.8,225
3,10,230
3,10.3,237
3,10,230
2,8.9,205
2,8.4,193
2,9,207
2,8.9,205
2,9,207
2,9.6,221
2,9.1,209
2,9.1,209
3,9.9,228
3,9.6,221
3,9.8,225
3,9.6,221
3,10.3,237
3,10,230
3,10.3,237
3,10,230
2,8.9,205
2,9.1,209
3,7.9,213
3,10.3,237
3,11,253
4.4,12.3,283
4.4,12.8,294
3,10.3,237
3,10.3,237
4.4,12.8,294
4.4,12.3,283
4.4,12.8,294
3,8.8,238
3,10.3,237
4.4,12.8,294
4.4,12.8,294
6,15.5,356
3,8.7,200
3,9.4,216
3,9.3,214
4.4,12.8,294
4.4,12.8,294
4.4,12.8,294
3,10.2,235
3,10.8,248
3,10.2,235
3,10.4,239
3,10,230
3,12.1,278
3,11.6,267
3,12.1,278
3,11.8,271
3,12.1,278
3,11.6,267
4.4,14.7,338
4.4,13.7,315
4.4,14.7,338
4.4,13.7,315
4.4,14.7,338
4.4,13.7,315
4.4,14.7,338
4.4,13.7,315
2,9.1,209
3,11.2,258
2,7.9,213
2,9.9,228
3,10.9,251
2,10.2,235
3,10.9,251
4.4,14.6,336
3,8.7,235
3,11.1,255
4.4,13.8,317
4.4,14.6,336
3,11.1,255
4.4,13.8,317
2,9.1,209
2,9,207
3,12.1,278
3,11,253
3,12.1,278
3.6,12.3,283
3.6,12.6,290
1.4,8.5,196
1.4,9.2,212
3.6,11.4,262
3.6,15.8,253
3.6,11.7,269
3.6,15.9,254
2.4,8.2,189
2,9.8,225
2,9.8,225
2,10.7,246
2.4,8.2,189
2,9.8,225
2,9.8,225
2.4,9.4,216
2,9.7,223
2,10.3,237
2.5,9.3,214
3.6,10.8,248
2,10.2,235
3.6,11,253
2,9.9,228
3.6,10.7,246
2,10.6,244
3.6,11,253
3.6,12.7,292
6.2,14,322
6.2,13.8,317
6.2,14.5,334
6.2,14.3,329
3.6,12.3,283
3.6,12.8,294
3.6,11.3,260
3.6,11.6,267
3.6,12.6,290
3.6,11.3,260
3.6,11.5,265
6.2,12.8,294
6.2,12.7,292
3.6,10.5,242
6.2,15.5,357
6.2,16.8,386
6.2,14.7,338
2,9.4,216
2.5,10.5,242
2.5,10.8,248
3.6,11.3,260
2.5,11.3,260
3.6,11.8,271
6.2,11.7,269
6.2,11.2,258
6.2,14.3,329
6.2,13.4,308
1.4,7.8,179
1.4,7.8,179
1.8,8.8,202
1.8,8.1,186
2,7.1,192
1.4,7.7,177
1.4,7.1,163
2.4,9.1,209
2.4,9.1,209
2.4,13.4,214
3.6,12.1,278
2.4,10,230
2.4,10,230
2.4,14.2,227
3.6,12.6,290
4.8,18,414
6,18.8,432
6,18.8,432
6,25.9,414
4.8,18.1,416
6,19,437
6,19,437
6,26.1,418
2.5,9.2,212
3.6,10.6,244
3.6,14.5,232
2,9.8,225
2.5,8,184
4.3,11.9,274
4.3,17.1,274
5.3,12.7,292
5.3,17.2,275
6.2,14,322
4.3,12.5,288
4.3,18,288
5.3,13,299
5.3,17.5,280
6.2,14.2,327
1.4,8,184
1.4,7.5,173
1.8,8.3,191
1.8,8,184
1.4,8.3,191
1.4,8,184
1.4,8,184
1.4,7.5,173
1.8,8.3,191
1.8,8,184
1.4,8.3,191
1.4,8,184
1.2,7,161
1.2,6.8,156
5.3,12.7,292
5.3,17.2,275
5.3,13.3,306
5.3,19.1,306
5.3,12.7,292
5.3,17.2,275
5.3,13,299
5.3,17.6,282
3.6,12.3,283
3.6,12.6,290
1.4,8.2,189
1.4,8.1,186
1.4,8.7,200
2.4,8.5,196
2.4,8.5,196
2.4,11.3,181
3.6,10.2,235
3.6,10.2,235
3.6,13.6,218
3.6,10.7,246
3.6,10.7,246
3.6,14.1,226
3.6,10.3,237
3.6,10.3,237
3.6,13.9,222
5.7,12.3,283
3.6,10.9,251
3.6,10.9,251
3.6,14.8,237
3.6,12,276
3.6,16.8,269
3.6,10.3,237
5.7,13.1,301
6.4,13.9,320
5.7,12.3,283
6.4,12.9,297
6.4,13.9,320
6.4,12.9,297
6.2,14.7,338
6.2,15.1,347
3.6,11.5,264
3.6,11.5,264
3.6,15.9,254
3.6,10.3,237
3.6,10.3,237
3.6,13.9,222
5.7,12.9,297
5.7,12.3,283
3.6,10.9,251
3.6,10.9,251
3.6,14.8,237
5.7,13.4,308
6.4,12.9,297
6.2,14.7,338
2,8.1,186
2,8.6,198
2,11.5,184
2.4,8.6,198
2.4,8.8,202
2.4,9.2,212
2.4,8.8,202
1.4,7.3,168
1.4,7.3,168
3.6,12.1,278
3.6,15.6,250
5.7,14.7,338
3.6,11.8,271
3.6,16.4,262
2.4,11.1,255
3.6,12.1,278
3.6,16.2,259
3.6,12.4,285
8.4,15.8,363
1.4,7.9,182
1.4,7.2,166
1.4,7.9,182
1.4,6.8,156
1.4,8.6,198
1.4,7.8,179
1.4,8.6,198
1.4,7.8,179
1.4,8.6,198
1.4,7.8,179
1.4,9.4,216
1.4,8.7,200
1.4,8.3,191
2,6,138
2,9.8,225
2,9.8,225
3.5,11.3,260
2,10.3,237
3.5,11.8,271
2.7,11.9,274
1.6,9,207
2,9.6,221
2.5,9.5,218
1.6,9.4,216
2,10.1,232
3.5,14.2,327
3.5,14.4,331
2,10.4,239
3.5,11.9,274
3.5,16.1,258
3.5,13,299
3.5,12.5,288
3.5,16.9,270
2.7,10.8,248
3.5,12,276
3.5,11.5,264
3.5,15.7,251
5,13.3,306
5,17.9,286
2.7,12,276
3.5,12.5,288
3.5,12.4,285
3.5,16.8,269
5,13.9,320
5,18.7,299
1.6,7.6,175
1.6,7.6,175
1,6.6,152
1.6,7.4,170
1.6,8,184
3.5,11.6,267
3.5,12.1,278
3.5,12.8,294
1,7.1,163
2,8.9,205
2,7.7,177
2,10.4,166
2,7.8,179
2,10.6,170
2,8.1,186
2,10.9,174
1.5,8.4,193
1.5,8,184
2,8.9,205
2.5,8.9,205
2,9.3,214
2,5.5,126
2.3,9.4,216
2.3,9.2,212
3.7,10.7,246
3.7,11.2,258
5,12.4,285
5,12.5,288
2.3,9.9,228
5,13,299
3.5,14.7,338
3.7,14.8,340
3.7,19.7,315
2,9.1,209
3.5,11.9,274
3.5,10.4,239
3.5,14.7,235
3.5,11.3,260
3.5,16,256
1.6,9.4,216
2.5,9.9,228
2.5,10.2,235
2.5,10.4,239
3.6,12.3,283
3.6,12.6,290
2.5,10.5,242
2.5,10.8,248
3.6,11.3,260
2.5,11.3,260
3.6,11.8,271
4.8,18,414
6,18.8,432
6,18.8,432
6,25.9,414
4.8,18.1,416
6,19,437
6,19,437
6,26.1,418
4.3,11.9,274
4.3,17.1,274
5.3,12.7,292
5.3,17.2,275
6.2,14,322
4.3,12.5,288
4.3,18,288
5.3,13,299
5.3,17.5,280
6.2,14.2,327
2.4,9.1,209
2.4,9.1,209
2.4,13.4,214
3.6,12.1,278
2.4,10,230
3.6,12.6,290
5.3,12.7,292
5.3,17.2,275
5.3,13,299
5.3,17.6,282
6.2,14,322
6.2,13.8,317
5.3,12.7,292
5.3,17.2,275
5.3,13.3,306
5.3,19.1,306
6.2,14.5,334
6.2,14.3,329
2.4,7.8,179
2.4,8,184
2.4,8.7,200
3.5,9.1,209
3.5,9.5,219
3.5,10.9,251
2,5,115
1.8,7.1,163
1.8,7.2,166
1.8,7.7,177
2.4,9.4,216
1.5,5.2,120
2.4,7.8,179
2.4,8.3,191
1.5,6.3,145
1.5,6.9,159
1.5,6.4,147
1.5,6.8,156
1.5,7.3,168
3.5,10.6,244
3.5,11.5,264
3.5,12,276
1.6,7.7,177
1.6,7.6,175
1.8,7.5,172
1.8,7.7,177
2,8.3,191
2,8.5,196
2,8.3,191
2,8.3,191
2,8.6,198
2,8.5,196
5,13.3,306
3.8,12.1,278
5,14.2,327
3.8,12.3,283
3.8,12.4,285
3.3,11.3,260
3.3,11.5,264
2.4,10.3,237
2,11.5,264
2.4,11.1,255
3.3,12.5,287
2,9.1,209
2.4,8.4,193
2.4,8.4,193
2.4,6.3,145
2.4,6.3,145
2,9.3,214
2,10.1,232
2.4,10,230
2,10.4,239
2.4,10.6,244
1.6,7.7,177
1.6,8,184
1.6,8.8,202
1.6,8.5,196
3.7,10.3,237
3.7,10.8,248
3.5,7.5,172
3.5,8.2,189
3.7,10.7,246
3.7,11.6,267
3.7,11.5,264
3.7,11.7,269
3.7,12.3,283
3.7,11,253
5.6,12.4,285
3.7,11.6,267
5.6,12.9,297
3.5,7.5,172
3.7,11.9,274
3.5,10.1,232
3.5,10.7,246
2.5,8.7,200
3.7,12.8,294
5.6,14.7,338
3,10.3,237
3,10.3,237
3,10.6,244
3,10.6,244
5,12.8,294
5,12.8,294
2,10.5,242
3,11.6,267
5,13.2,304
5,18.1,290
5,13.2,304
3,12.4,285
5,13.3,306
5,17.5,280
3,12.5,288
5,13.3,306
5,17.5,280
5,13.3,306
5,13.3,306
5,13.6,313
5,13.4,308
5,13.6,313
5,13.4,308
2.4,9.5,218
2.4,9.5,218
2.4,12.9,206
3.2,9.9,228
2.4,10,230
2.4,10,230
2.4,13.7,219
3.2,10.2,235
2.4,10.1,232
3.2,10.9,251
2.4,10.9,251
3.2,10.8,248
2,9.9,228
2,9.2,212
2.4,10,230
2.4,9.3,214
2.4,10.2,235
2.4,9.7,223
2.4,11.1,255
3,9.9,267
3.6,12.1,278
3.6,15.6,250
5.7,14.7,338
6.4,15.8,363
2,9.9,228
2,9.2,212
2.4,10,230
2.4,9.3,214
2.4,10.2,235
2.4,9.7,223
2.4,11.1,255
1.4,8.8,202
2.4,9.4,216
2.4,12.2,195
1.4,8.8,202
2.4,9.8,225
3.6,12.8,294
3.6,12.8,294
3.6,13.4,308
3.6,13.4,308
3.3,10.7,246
1.8,7.6,175
1.8,7.9,182
2,8.3,191
2,8.5,196
1.6,9.7,223
1.6,9.8,225
2,8.5,196
2,8.4,193
1.6,9.4,216
1.6,9.6,221
2,8.6,198
2,8.8,202
3.8,11.3,260
5,13.3,306
2,9.9,228
2.4,8.7,200
2.4,6.3,145
2.4,6.4,147
1.6,7.7,177
1.6,7.7,177
1.6,7.6,175
2,9.3,214
2,9.3,214
3.3,11.6,267
3.3,11.4,262
3.3,12.5,288
2.4,10.4,239
3.3,11.1,255
2.4,10.9,251
3.3,11.8,271
1.6,8.9,205
1.6,9,207
2,9,207
2,8.8,202
2.4,10,230
2.4,11.3,260
2,11.3,260
2.4,10.7,246
6.5,17.9,412
6.5,19.7,453
5.2,14.5,334
6.5,18.4,423
2,11.9,274
3,14.3,329
3,12.3,283
5,15.1,347
5,21.4,342
5,15.1,347
5,21.4,342
2,9.7,223
2,9.7,223
3,12.4,285
5,14.7,338
5,20.7,331
1.8,5.7,131
2.5,5.9,136
3.5,9.6,221
3.5,10.6,244
3.5,11,253
3.5,7.5,172
4.6,13.9,320
2.5,9.6,221
2.5,10.4,239
2.5,9.6,221
3.5,10.6,244
3.5,11,253
3.5,10.6,244
4.6,12.3,283
4.6,12.9,297
4.6,12.9,297
5,11.5,264
5.7,16.6,382
2,9.6,221
2,9.9,228
2.5,7.4,170
3.5,10.6,244
3.5,11,253
5,12.6,290
3.5,11.7,269
3.5,11.1,255
3.5,8.2,189
2,10.9,251
2.3,11.2,258
3.5,11.9,274
3.7,11.2,258
3.5,12.8,294
2,10.1,232
3.7,12.2,281
3.7,12.1,278
2,8.9,205
3.7,11.3,260
2,5.8,133
3.5,14.2,327
3.5,14.4,331
3,12.7,292
3,12.8,294
4.7,15.1,347
4.7,15.2,350
3.8,14.5,334
3,13,299
2,8.2,189
2,8,184
2.5,8.6,198
2,8.5,196
2.5,9,207
3.7,12.3,283
3.7,12.7,292
2,6.9,159
2,7,161
2.5,7.4,170
2.5,7.2,166
2.5,8,184
2,7,161
2,7.1,163
2.5,7.7,177
2.5,7.2,166
2.5,8.1,186
2.5,9.6,221
2.5,9.8,225
2.5,7.6,175
2.5,8.1,186
2.5,7.3,168
2,10.1,232
2,9.6,221
2,9.9,228
2,8,184
2,8.9,205
1.8,9.4,216
2,9,207
3.5,10.6,244
3.5,10.5,242
3,9.9,228
6.2,15.4,354
2,8.1,186
2,8.8,202
2,9.1,209
3,10.5,242
4.7,12.5,288
5.5,13.1,301
2.1,7.4,200
3.5,10.2,235
3,10.4,239
3.5,10.8,248
3.5,10,230
3.5,10.2,235
4.7,11.4,262
4.7,11.7,269
4.7,11.4,262
5.5,13.3,306
5.5,13.3,306
5.5,18.2,419
5.5,18.5,426
3,12,324
3,14,322
4.7,15.6,359
5.5,16.3,375
2,8.7,200
2,9.4,216
2.1,8.5,230
3.5,11.2,258
3,10.3,278
3,12,276
4.7,14.2,327
5.5,15.6,359
4.7,10.8,248
4.7,12.3,283
4.7,12.5,288
4.7,12.2,281
6,14.9,343
5.5,13.2,304
5.5,13.2,304
6,15.5,357
6,15,345
4.7,11.9,274
5.5,12.4,285
6,14.2,327
1.8,9,207
1.8,9,207
3.5,9.8,225
5.5,10.6,244
6.2,15.6,359
6.2,15.6,359
1.5,7.5,172
1.5,7.1,163
1.5,7.5,172
1.5,7.2,166
1.6,7.7,177
1.6,7.5,172
1.6,8.7,200
1.6,7.5,172
1.6,7.6,175
1.6,7.3,168
1.6,8.7,200
1.6,7.5,172
1.6,7.7,177
1.6,7.5,172
2,8.2,189
2,8.6,198
2,8.2,189
2,8.6,198
1.6,8.1,186
1.6,8.1,186
1.6,9,207
1.6,8.7,200
1.6,8.1,186
1.6,8.1,186
1.6,9,207
1.6,8.7,200
1.6,8.1,186
1.6,8.1,186
2,8.4,193
2,9.2,212
1.6,8.1,186
1.6,8.1,186
1.6,9,207
1.6,8.7,200
1.6,8.1,186
1.6,8.1,186
1.6,9,207
1.6,8.7,200
1.6,8.1,186
1.6,8.1,186
2,8.2,189
2,8.4,193
2.4,9.5,219
2,12.5,288
2,12.3,283
2,11.6,267
2,8.6,198
2,8.6,198
1.2,5.9,136
1.2,6.4,147
2.4,8.6,198
2.4,9.1,209
3,10.1,232
2,8.4,193
2,8.8,202
2,8.8,202
2.4,9.6,221
3.7,11.1,255
3.7,11.5,264
3.7,11.5,264
3.7,11.8,271
2.5,7.6,175
3.5,9,207
5.6,16.6,382
2.5,12.3,283
2.5,11.3,260
4,12.7,292
4,13.7,315
4,13.3,306
3.8,12.6,290
1.6,7.9,182
1.6,7.7,177
1.6,8.2,189
1.6,8.3,191
1.6,8.8,202
1.6,7.8,179
1.6,7.7,177
3.5,9.8,225
3.5,9.9,228
2,9.4,216
3.5,10.4,239
3.5,10.7,246
3.5,11,253
2.5,8.8,202
3.5,10.5,242
2.5,8.3,191
2.5,8.5,196
5.6,16.1,370
5.6,17.2,396
1.8,7.2,166
1.8,7.9,182
1.6,6.8,156
1.6,7.7,177
4,14.2,327
4,14.4,331
3.4,10.1,232
3.4,10.6,244
3.4,10.1,232
3.4,10.7,246
3.4,10.2,235
3.4,10.7,246
3.4,10.5,242
3.4,10.9,251
3.8,11.1,255
3.8,11.3,260
3.8,11.4,262
3.8,11.6,267
3.8,10.7,246
3.8,11,253
3.8,11,253
3.8,11.2,258
3.8,11,253
3.8,11.2,258
3.8,11.1,255
3.8,11.6,267
3.8,10.5,242
3.8,10.7,246
3.8,10.6,244
3.8,10.9,251
3.8,14,322
3.4,10.8,248
3.4,11.1,255
3.8,11.2,258
3.8,11.4,262
3.8,11.9,274
3.8,11.9,274
3.8,11.9,274
3.8,11.9,274
2.7,9.2,212
2.7,9.9,228
3.4,9.5,218
3.4,10.7,246
3.4,9.8,225
3.4,10.4,239
3,10.2,277
3.6,12.2,286
4.8,14.2,327
2.7,9.2,212
2.7,9.9,228
3.4,9.5,218
3.4,10.7,246
3.4,9.8,225
3.4,10.4,239
3,12.2,281
3.6,12.3,283
3.6,10.9,251
3.6,11.1,255
3,11.4,262
3,11.5,264
4.8,12.7,292
3,11.4,262
4.8,12.8,294
4.8,12.9,297
4.8,12.8,294
4.8,12.9,297
3.6,11.9,274
3.6,11.9,274
3.6,16.8,269
3.6,11.3,260
5.7,14.8,340
5.7,13.6,313
3,10.1,273
3,9.8,265
3.6,12.6,290
3.6,12.6,290
3.6,17.8,285
5.7,15.4,354
5.7,14.1,324
3,10.6,286
3.6,11.4,262
3.6,15.9,254
2.4,9.8,225
6.6,16.1,370
6.6,16.1,370
6.7,17.2,396
6.7,17.2,396
6.7,17.2,396
6.7,17.2,396
6.6,15.6,359
2,8.4,193
2,9.6,221
1.3,6.4,147
2.5,9,207
2.5,9,207
2.4,9.8,225
2.4,9.8,225
1,6.5,150
1,6.5,150
2,8.4,193
2,9.6,221
2,9.4,216
2.5,8.7,200
2.5,9.6,221
2,7.6,175
2,8.4,193
2,7.6,175
2,8.4,193
2.5,7.9,182
2.5,9.4,216
3.6,10.2,235
2.5,8.3,191
2.5,9.7,223
3.6,10.5,242
2,11.1,255
2,9.8,225
2.5,12.2,281
2,8.1,186
2,9.1,209
2,7.5,173
4,12.8,294
4,12.8,294
3.5,9.6,221
2.5,8.4,193
3.5,9.5,218
2.5,5.7,131
2.5,5.9,136
1.8,7.6,175
1.8,7.1,163
1.8,7.3,168
1.8,7.4,170
1.8,6.8,156
1.8,6.9,159
2.7,10.7,246
3.5,11.1,255
3.5,11.6,267
3.5,8.5,196
3.5,8.4,193
1.8,4.7,108
1.5,4.8,110
1.8,5.6,129
2.5,8.9,205
2.5,9.5,218
2.5,8.9,205
2.5,9.6,221
5.7,16.6,382
3.5,11.4,262
3.5,12.5,288
2.7,11.2,258
2.7,10.5,242
4,13.1,301
2.7,12.3,283
2.7,12.3,283
4,13.4,308
4,14,322
4.6,14.3,329
5.7,15.2,350
4.6,15.1,347
5.7,16.6,382
2.7,10.4,239
3.5,10.9,251
2.7,10.5,242
3.5,11.3,260
1.5,7.3,168
1.5,7.1,163
1.8,8.5,196
1.8,8.7,200
2,9.1,209
2,9.2,212
2,6.9,183
2,6.9,184
1.8,8.7,200
2,9.4,216
2,9.2,212
2,9.3,214
2,9.6,221
3.6,11.8,271
2,9.5,219
1.8,8.1,186
1.8,8,184
2,6.5,177
2,6.5,178
2,8.5,196
2,8.3,191
1.8,8.2,193
1.8,8.2,189
2,6.7,180
2,6.7,179
1.8,7.9,182
1.8,8,184
2,8.9,205
2,8.4,193
2,6.5,175
2,6.5,176
2,8.8,202
2,8.9,205
1.4,5.3,122
1.8,8.3,191
1.8,8.4,193
2,6.9,185
2,6.7,182
3.6,10.4,239
2,10.5,242
2,11.2,258
2,10.7,246
3.6,12.4,292
3,10.2,277
3,11,253
2,8.4,193
2.5,10.1,232
2,8.9,205
3,11.2,258
2,8.4,193
3,11.2,258
2,8.8,202
2.5,10.3,237
3,11,253
2,8.4,193
2.5,10.1,232
3,11.2,258
3.2,11.5,264
2,8.8,202
2.5,11.4,262
2,9.4,216
3,11.9,274
3.2,11.3,260
2,8.8,202
3,11.9,274
2.4,8.1,189
3.5,11.1,254
3.5,10.7,251
3.5,10.7,249
3.5,10,235
3.5,7.7,180
2.4,8.3,196
3.5,9.6,226
1.8,8.4,197
5.9,15.6,365
6,14.2,332
6,14.8,346
4.7,14.7,343
4.7,15.5,362
4.7,14.7,343
4.7,15.5,362
4.7,14.7,343
4.7,15.5,362
6,16.5,390
1.8,8.7,204
2,8.6,201
2,8.9,208
2,8.9,212
2,9.6,224
2,9.1,214
2,9.9,232
2,9.6,224
2,9.1,214
2,9.8,230
2,9.2,211
3,9.9,232
3,7.8,213
3,9.9,232
3,7.8,213
3,10.5,247
4,10.7,249
3,8.4,224
4,10.9,255
6.3,14.6,344
2,10.3,242
2,10.3,240
2,10.4,244
3,11.4,267
3,9,244
2,8.9,209
4,13.3,313
2,9,211
3,11,257
3,11.7,273
3,11,257
3,11.7,273
3,11.4,266
4,11.3,263
4,11.4,265
4,12.8,300
3,12.2,285
2,9.1,209
2,9.1,209
2,9.5,222
4,13.1,307
6,15.4,360
4,14.4,337
6,16,375
4,14.2,334
6,16.5,388
6.8,17.5,408
2,8.4,197
2,9,211
2,8.8,207
2,8.9,209
2,8.4,197
2,9,211
2,8.8,207
2,6.8,183
2,6.8,183
2,8.9,209
2,8.9,209
2,8.9,209
3,10.2,238
3,9.3,217
3,9.9,231
3,9.3,216
3,10.3,241
2,8.9,211
2,8.4,197
2,9,211
2,8.9,211
2,9,210
2,9.4,221
2,8.9,209
2,8.9,209
3,9.9,232
3,9.9,232
3,10.5,246
3,10.2,238
3,10.2,238
3,10.5,247
3,10.2,238
2,8.9,209
3,7.9,212
3,10.2,238
3,11.2,263
4.4,12.3,288
4.4,12.1,283
3,10.2,238
3,10.2,238
4.4,12.1,283
4.4,12.3,288
4.4,12.1,283
4.4,12.1,283
4.4,12.1,283
3,9.4,219
4.4,12.1,283
3,10.4,244
3,11.1,260
3,9.9,232
3,10.4,245
3,9.9,232
3,10.5,246
3,10.2,238
3,10.2,238
3,12.1,284
3,11.6,271
3,12.1,282
3,11.8,278
3,12.1,284
3,11.6,271
4.4,14.7,344
4.4,13.7,321
4.4,14.7,344
4.4,13.7,321
4.4,14.7,344
4.4,13.7,321
4.4,14.7,344
4.4,13.7,321
2,9.2,215
2,7.9,211
2,9.9,231
3,10.9,257
3,11.3,264
2,10.2,238
3,10.9,257
4.4,14.6,343
3,8.9,233
3,11.5,269
4.4,13.8,322
4.4,14.6,343
3,11.5,269
4.4,13.8,322
2,9.1,212
2,9,211
3,12.1,282
3,12.1,282
3.6,13.4,315
3.6,13.7,323
1.4,8.5,199
1.4,9.2,215
1.4,7.8,182
1.4,8.2,192
2,10.6,248
3.6,11.4,268
3.6,15.8,260
2.4,8.2,193
3.6,11.7,274
3.6,15.8,263
2,9.8,231
2,9.8,230
2.4,8.2,193
2,10.7,252
2,9.8,231
2,9.8,230
2.4,9.6,224
2,9.2,215
2,10.3,240
2.5,9.1,214
3.6,9.9,233
2,9.4,221
3.6,10.5,247
3.6,12.5,293
3.6,12.4,289
2,9.5,222
3,11.2,263
3.6,11,257
2,9.5,221
3.6,9.9,233
2,9.8,229
3.6,10.5,247
3.6,12.5,293
6.2,14.1,332
6.2,13.9,325
3.6,12.3,287
3.6,12.8,300
3.6,11.3,263
3.6,11.6,273
3.6,12.8,302
2,9.3,218
2,9.8,229
3.6,10.6,248
3.6,11.2,261
6.2,11.6,272
6.2,12.1,284
2,9.4,220
2.5,10.5,247
2.5,10.8,253
2.8,9.4,252
3.6,11.3,265
2.5,11.3,265
2.8,10.3,277
3.6,11.9,279
6.2,11.7,275
6.2,11.2,263
6.2,14.3,335
6.2,13.4,313
1.4,6.8,159
1.4,7.1,167
1.4,6.9,160
1.4,7.8,184
1.4,7.8,182
1.8,8.8,207
1.8,8.1,190
1.4,7.7,181
1.4,7.1,167
2.4,9.1,214
3.6,12.1,285
2.4,9.1,214
2.4,13.4,221
2.4,10,235
3.6,12.8,300
2.4,10,235
2.4,14.2,236
6,18.8,441
6,19.8,465
2.5,9.2,215
3.6,10.6,248
3.6,14.5,239
3.6,11.9,272
3.6,12.7,213
1.5,7.6,179
2,9,211
2.5,8.6,202
1.8,5.1,122
5.3,12.7,298
6.2,14,328
4.3,11.9,280
4.3,17.1,284
5.3,12.7,298
5.3,17.2,286
5.3,13.1,307
6.2,14.2,332
4.3,12.6,296
4.3,18.1,301
5.3,13.1,306
5.3,17.8,295
5.3,13,304
1.4,8,188
1.4,7.5,175
1.8,8.3,195
1.8,8,187
1.4,8.4,195
1.4,8,189
1.4,8,188
1.4,7.5,175
1.8,8.3,195
1.8,8,187
1.4,8.4,195
1.4,8,189
1.4,6.7,157
1.4,6.9,162
5.3,13,304
5.3,13,304
5.3,17.6,288
5.3,13.3,312
5.3,13.3,312
5.3,19.1,317
5.3,13,304
5.3,13,304
5.3,17.6,288
5.3,13.2,310
5.3,13.2,310
5.3,18,300
3.6,13.4,315
3.6,13.7,323
1.4,8.2,193
1.4,8.1,190
1.4,8.7,205
2.4,8.5,198
2.4,11.3,186
3.6,10.2,239
3.6,13.6,225
3.6,10.7,250
3.6,14.1,232
3.6,10.3,240
3.6,10.3,240
3.6,13.9,229
5.7,12.3,289
3.6,10.9,257
3.6,10.9,257
3.6,14.8,243
3.6,12,282
3.6,16.8,279
3.6,10.3,242
5.7,13.1,307
6.4,13.9,326
5.7,12.3,289
6.4,12.9,302
6.4,13.9,326
6.4,12.9,302
6.2,14.5,339
6.2,15.1,353
3.6,11.5,271
3.6,10.3,240
3.6,11.5,271
3.6,15.9,264
3.6,10.3,240
3.6,13.9,229
5.7,12.9,302
5.7,12.3,289
6.4,12.9,302
3.6,10.9,257
3.6,10.9,257
3.6,14.8,243
5.7,13.4,313
6.4,12.9,302
6.2,14.5,339
2,8.1,189
2.4,8.6,202
2.4,8.8,205
2,8.6,201
2,11.5,187
2.4,9.2,215
2.4,8.8,207
1.4,7.3,171
1.4,7.3,171
3.6,11.3,265
5.7,14,329
3.6,11.8,276
3.6,16.4,269
2.4,11.1,260
3.6,12.1,283
3.6,16.2,270
3.6,12.4,292
8.4,15.6,364
1.4,7.9,183
1.4,7.2,168
1.4,7.9,183
1.4,6.8,160
1.4,8.6,200
1.4,7.8,183
1.4,8.6,200
1.4,7.8,183
1.4,8.6,200
1.4,7.8,183
1.4,9.4,218
1.4,8.7,203
1.4,8.3,194
1.4,8.3,194
2.4,9.3,217
2.4,9.6,224
2,6,140
2,9.8,231
2,9.8,228
3.5,11.4,268
2,10.3,240
2.7,11.9,278
3.5,11.8,278
1.6,8.9,208
2,9.6,224
2.5,9.4,220
1.6,9.4,220
2,10,236
3.5,14.3,334
3.5,14.4,338
2.3,10.8,253
3.5,12,280
3.5,16.1,264
2.3,11.3,265
3.5,13,305
3.5,12.6,295
3.5,17.2,282
2.7,10.9,256
3.5,11.9,278
2.7,11.2,263
3.5,12.9,303
3.5,11.6,272
3.5,15.7,261
5,13.2,309
5,17.8,292
5,14.5,341
5,17.8,293
2.7,11.7,275
3.5,12.9,303
2.7,12.3,288
3.5,13.8,324
3.5,12.5,292
3.5,16.9,278
5,13.8,324
5,18.7,306
5,14.8,347
5,18.8,310
1.6,7.6,180
1.6,7.6,179
1,6.6,153
1.6,8.1,191
3.5,12.7,298
3.5,12.9,303
3.5,13.7,322
1,7.3,171
1,6.8,160
2,7.6,178
2,10.3,170
2,7.8,183
2,10.5,175
2,8,188
2,10.8,179
2.3,10.9,255
2,9.2,217
1.5,8.4,197
1.5,8,188
2,8.9,210
2.5,8.9,209
2,9.3,220
2,5.5,130
2.3,9.4,219
2.3,9.2,217
3.7,10.7,253
3.7,11.2,264
5,12.4,292
5,12.7,298
2.3,10,234
5,13,304
5.2,14.2,334
3.5,14.6,342
3.7,15.2,356
3.7,21,345
2,10.1,237
3.5,11.1,260
3.5,14.9,248
3.5,12.5,293
3.5,12.4,291
3.5,16.3,271
1.6,9.5,223
2.5,10.4,243
2.5,10.4,243
2.5,14.2,233
2.5,10.7,252
2.5,10.7,252
2.5,14.6,240
2.5,10.7,252
2.5,10.7,252
2.5,14.6,240
3.6,13.4,315
3.6,13.7,323
2.5,10.5,247
2.5,10.8,253
2.8,9.4,252
3.6,11.3,265
2.5,11.3,265
2.8,10.3,277
3.6,11.9,279
6,18.8,441
6,19.8,465
5.3,12.7,298
6.2,14,327
4.3,11.9,280
4.3,17.1,284
5.3,12.7,298
5.3,17.2,286
5.3,13.1,307
6.2,14.2,332
4.3,12.6,296
4.3,18.1,301
5.3,13.1,306
5.3,17.8,295
5.3,13,304
2.4,9.1,214
3.6,12.1,285
2.4,9.1,214
2.4,13.4,221
2.4,10,235
3.6,12.8,300
5.3,13,304
5.3,13,304
5.3,17.6,288
5.3,13.2,310
6.2,13.8,323
5.3,13.2,310
5.3,18,300
5.3,13,304
5.3,13,304
5.3,17.6,288
5.3,13.3,312
6.2,14.3,334
5.3,13.3,312
5.3,19.1,317
2.4,8.9,207
3.5,9.5,223
3.5,10.9,253
2.4,7.6,177
3.5,9.4,219
2.4,8,187
1.5,6.7,155
2,6.9,162
2,7.7,179
1.5,6.7,157
2,6.9,162
2,7.5,176
2.4,7.9,186
2.4,8.6,202
1.5,6.8,157
1.5,7.3,169
1.5,6.4,150
1.5,6.8,158
1.5,7.3,171
1.8,7.6,177
1.8,7.6,177
1.8,8.3,193
1.8,8.1,190
1.8,8.1,190
3.5,10.6,250
3.5,10.8,253
3.5,11.3,265
3.5,11,257
1.6,7.7,179
1.6,7.6,176
1.8,7.5,176
1.8,7.7,180
2,8.3,194
2,8.5,198
2,8.6,203
2,8.6,202
5,13.3,312
3.8,12.1,285
5,14.2,332
3.8,12.2,284
3.8,12.1,283
3.3,11.3,265
3.3,11.5,269
2.4,10.3,239
2,11.5,266
2.4,11.1,257
3.3,12.5,295
2,9.1,214
2.4,8.1,191
2.4,8.6,204
2,5.6,133
2,5.8,136
2,9,211
1.6,9.2,219
2,10.1,240
1.6,7.5,177
1.6,7.8,186
1.6,8.1,191
1.6,8.3,197
2,9.1,214
3,10.3,242
2,9.6,226
3,10.6,249
3,11.1,262
3,10.5,247
3,10.8,256
3.5,7.7,181
3.5,8.2,193
3.7,11.6,274
5.6,12.8,300
3.5,7.5,177
3.7,11.9,279
3.5,10.3,242
3.5,10.7,252
2.5,8.7,204
3.7,12.8,301
5.6,15.1,354
3,10.5,246
3,12.6,296
3,10.5,246
3,12.6,296
5,12.8,302
5,13.3,311
5,13.3,311
3,10.8,254
3,12.9,302
3,11.3,264
3,10.8,254
3,12.9,302
3,11.3,264
3,10.3,241
3,11.7,275
3,11.9,279
5,13.3,313
5,13.3,313
2.4,9.5,223
2.4,9.5,223
2.4,12.9,213
3.2,9.9,233
2.4,10,233
2.4,10,233
2.4,13.7,226
3.2,10.2,240
2.4,10.1,238
3.2,10.9,256
2.4,10.9,255
3.2,10.8,253
2,10,234
2,9.2,214
2.4,10,235
2.4,9.3,218
2.4,10.5,248
2.4,9.7,228
2.4,11.1,259
3.6,11.3,265
5.7,14,329
3,9.9,267
6.4,15.8,370
2,10,234
2,9.2,214
2.4,10,235
2.4,9.3,218
2.4,10.5,248
2.4,9.7,228
2.4,11.1,259
1.4,8.8,207
2.4,9.4,220
2.4,12.2,201
1.4,8.8,203
2.4,9.8,229
3.6,12.8,299
3.6,12.8,299
3.6,13.4,314
3.6,13.4,312
3.3,10.7,251
1.8,7.6,179
1.8,7.9,186
2,8.3,196
2,8.5,198
1.6,9.7,228
1.6,9.8,227
2,8.5,199
2,8.4,197
1.6,9.4,218
1.6,9.6,222
2,8.6,200
2,8.8,206
3.8,11.8,278
5,13.4,318
1.6,7.4,175
2,9.3,222
2.4,8.1,193
2.4,6.3,147
2.4,6.4,150
1.6,7.7,178
1.6,7.7,179
1.6,7.6,175
2,9,214
2,9.3,220
3.3,11.6,275
3.3,11.4,269
3.3,12.5,296
2,10.3,245
2.4,9.8,233
2,10.9,259
2.4,10.4,245
3.3,11.6,275
1.6,8.9,206
1.6,9,208
2,8.8,208
2,8.8,208
2.4,10,231
2.4,11.3,261
2,11.3,261
2.4,10.8,251
6.5,17.9,420
6.5,19.3,452
5.2,14.2,331
5.2,14.6,340
2,10.6,248
3,14.3,336
3,12.4,291
3,9.4,254
5,15.1,356
5,15.1,356
3,12.4,291
3,9.4,254
5,14.7,344
2,9.7,229
1.8,5.7,132
2.5,5.9,139
3.5,9.7,225
2,9,212
2,9.7,227
3.5,10.2,237
3.5,10.9,254
3.5,10.7,251
3.5,7.6,177
5,12.5,293
4.6,13.9,322
2,9,212
3.5,11.1,258
3.5,10.6,246
3.5,11.1,258
4.6,12.3,286
4.6,12.9,303
4.6,12.9,303
5,11.5,268
5.7,15.9,371
2,9.6,225
2,9.9,231
2.5,7.4,172
2,9,214
3.5,11.1,258
3.5,10.6,246
3.5,11.1,258
5,12.6,289
3.5,10.7,251
3.5,8,186
2,10.9,256
2.3,11.1,261
3.5,12.5,293
3.7,12.2,287
3.5,13.7,322
2,11.4,268
3.7,12.7,298
2.7,12.1,283
3.7,12.5,293
2,8.9,210
3.7,10.9,257
2,9.3,220
3.7,11.9,279
2,5.8,136
3.5,14.3,334
3.5,14.4,339
3,12.2,286
3,12.5,293
3,12.6,295
4.7,15.1,357
4.7,15.2,360
3.8,14,322
3,12.9,300
3,12.9,302
2,7.6,179
2,8.1,189
2,8.2,192
2.5,8.1,190
2,8,188
2,8.5,199
2.5,9,210
2,6.9,162
2,7,165
2.5,7.4,173
2.5,7.2,169
2.5,8,189
2,7,165
2,7.1,167
2.5,7.7,182
2.5,7.2,170
2.5,8.1,190
2.5,9.7,226
2.5,9.8,229
2.5,7.6,178
2.5,7.3,171
2.5,8.1,188
2,7.8,183
2,7.8,183
4,11.7,268
4,11.7,268
2,9.1,214
5.5,13.1,308
5.5,13.3,310
5.5,13.3,310
5.5,18.5,417
6,21.4,476
5.5,16.3,369
2,9.3,216
5.5,15.6,366
5.5,15.2,363
4,12.8,303
5.5,13.2,313
5.5,13,313
6,15.5,361
6,15,355
5.5,12.4,298
6,14.2,335
5.5,10.6,252
2,8,188
2,8.9,206
2,9,212
3,10.4,231
2,8.1,188
2,8.6,198
2,11.6,198
3,10.7,252
4.7,11.7,277
2.1,7.4,200
3.5,10.2,240
3,10.4,244
3,10.2,239
3,10.8,253
3,10,233
4.7,11.4,270
4.7,11.7,275
4.7,11.4,268
5.5,17.9,401
3,12,322
3,14,298
4.7,15.5,365
2,8.7,203
3,9.2,246
3,9.4,253
3,12,282
3,12,281
4.7,14.2,335
6,15.3,359
2,10.2,233
2,10.9,248
3,10.8,253
4.7,12.2,294
4.7,12.5,287
4.7,12.3,289
6,14.5,340
4.7,12.3,289
2,8.5,199
3.5,9.8,229
1.5,7.7,181
1.5,7.3,172
1.5,7.7,181
1.5,7.2,170
1.5,8.3,195
1.5,8.2,194
1.5,7.7,181
1.5,7.2,170
2,8.2,193
2,8.7,203
2,8.2,193
2,8.7,203
2,8.5,198
2,9.2,215
2,8.5,198
2,8.7,203
1.6,9,212
1.6,8.6,201
1.6,9,212
1.6,8.6,201
2,8.5,199
2,9.2,214
1.6,9,212
1.6,8.6,201
1.6,9,212
1.6,8.6,201
2,7.8,181
2,8.4,198
2.4,8.8,204
2.4,9.2,217
2.4,9.1,210
2,8.3,191
2,8.7,203
1.2,5.9,139
1.2,6.3,147
2.4,8.4,193
2.4,9,207
3,10.4,238
2,8.7,202
2,9.3,214
2.4,9.6,223
3.7,11.1,260
3.7,11.5,269
3.7,11.5,270
3.7,11.8,278
2.5,7.5,176
3.5,9,212
2.5,7.7,181
2.5,12.1,285
2.5,11.3,266
4,12.7,300
4,13.7,322
4,13.3,313
3.8,12.6,294
1.6,7.9,186
1.6,7.8,183
1.6,8.2,194
1.6,8.3,194
1.6,8.8,208
3.5,9.5,223
1.6,7.8,184
1.6,7.7,182
3.5,9.8,230
3.5,9.9,232
2,9.4,220
3.5,10.4,245
3.5,10.7,251
3.5,11,258
2.5,8.2,194
2.5,8.6,201
1.8,7.2,167
1.8,7.9,184
1.6,6.8,161
1.6,7.6,179
3.4,10.1,238
3.4,10.6,249
3.4,10.1,236
3.4,10.7,251
3.8,11,259
3.8,11.2,262
3.8,11.1,260
3.8,11.6,272
3.8,10.5,245
3.8,10.7,252
3.8,10.6,250
3.8,10.9,255
3.4,10.2,240
3.4,10.7,251
3.4,10.5,246
3.4,10.9,257
3.8,11.1,260
3.8,11.3,265
3.8,11.4,268
3.8,11.6,272
3.8,10.7,251
3.8,11,258
3.8,11,257
3.8,11.2,262
3.8,14,329
4,14.3,334
3.4,10.8,253
3.4,11.1,261
3.8,11.2,260
3.8,11.4,267
3.8,11.9,278
3.8,11.9,278
3.8,11.9,278
3.8,11.9,278
2.7,9.2,217
2.7,9.9,232
3.4,9.5,222
3.4,10.7,250
3.4,9.8,230
3.4,10.4,245
3.8,11.6,272
3.6,11.8,277
3,9.8,270
3.6,12.8,300
3.6,12.2,286
4.8,14.2,334
4.8,14.3,336
2.7,9.2,217
2.7,9.9,232
3.8,11.8,277
3.4,9.5,222
3.4,10.7,250
3.4,9.8,230
3.4,10.4,245
3,12.2,285
3.6,12.3,287
3.6,10.9,255
4.8,12.7,298
3,11.4,267
3.6,11.1,262
3,11.4,267
3,11.5,271
4.8,12.8,300
4.8,12.9,303
4.8,12.8,300
4.8,12.9,303
3.6,11.9,279
3.6,16.8,279
3.6,11.3,264
5.7,14.8,348
5.7,13.6,319
3,10.2,272
3,9.8,264
3.6,12.6,294
3.6,17.8,296
5.7,15.4,362
5.7,14.1,330
3,10.6,283
2.4,9.8,231
6.6,16.1,373
6.6,16.1,373
6.7,17.2,403
6.7,17.2,404
6.7,17.2,403
6.7,17.2,404
6.6,15.6,367
2,8.4,197
2,9.6,224
1.8,7.4,173
1.8,7.7,180
2.5,9,211
2.5,9,210
0.9,6.9,157
0.9,6.9,157
2,8.4,197
2,9.6,224
2,9.4,222
2.5,8.7,204
2.5,9.6,227
2,7.6,177
2,8.4,197
2,7.6,177
2,8.4,197
2.5,7.9,185
2.5,9.4,220
3.6,10.2,239
2.5,8.3,196
2.5,9.7,228
3.6,10.5,246
2,11.2,254
2,10,233
2.5,12.2,285
2,8.1,191
2,9.1,214
2,7.5,175
4,12.8,298
4,12.8,298
3.5,9.7,225
2.5,8.2,192
3.5,9.5,222
2.5,5.7,134
2.5,5.9,137
1.8,7.6,179
1.8,7.3,171
1.8,7.1,166
1.8,7.5,174
1.8,6.8,160
1.8,6.9,162
3.5,11.1,260
3.5,11.6,272
3.5,8.5,198
3.5,8.4,195
1.8,4.5,104
1.5,4.7,111
1.8,5.6,131
2.5,9,212
2.5,9.5,220
2.5,7.2,169
2.5,8.9,208
2.5,9.4,220
5.7,16.6,382
3.5,11.4,267
3.5,12.5,290
2.7,11.1,261
3.5,11.4,267
2.7,11.7,274
2.7,11.9,279
3.5,11.9,280
3.5,12.5,292
3.5,12.9,300
4.6,14.3,335
5.7,15.4,360
4.6,15.1,351
5.7,16.3,380
2.7,10.4,244
3.5,10.9,256
2.7,10.5,241
3.5,11.3,263
1.5,6.4,151
1.5,6.7,157
1.5,7.3,170
1.5,7.1,165
1.8,8.4,196
1.8,8.4,196
1.8,8.4,196
1.8,8.7,203
2,9.3,217
1.8,8.1,189
1.8,8,187
2,8.5,198
2,8.3,193
2,9.3,216
2,9.4,220
1.8,8.2,193
1.8,8.2,192
1.4,7.3,173
1.4,7.2,168
1.8,8,186
1.8,8.1,189
2,8.6,201
2,8.8,207
1.4,5.3,124
1.8,8,187
1.8,8.1,189
3.6,10.4,243
2,10.7,251
2,11.2,259
2,10.6,248
3.6,12.4,292
3,9.8,270
2.5,10.3,239
2,8.3,193
2.5,10.1,233
2,8.3,193
2.5,10.1,233
2,9.3,218
2,9.9,231
3,11.2,259
3,11.2,259
2,8.3,193
2.5,10.3,239
2,8.3,193
2.5,10.1,233
2,9.9,231
3,11.2,259
3,11.2,259
2,9.1,213
2.5,11,254
2,9.7,226
2,10.6,247
3,12,276
2,9.1,213
2.5,11,254
2,10,232
2,10.2,239
2,10.6,247
2.4,8.2,192
3.5,11,259
3.5,10.7,251
3,9,210
3.5,11,261
3.5,10.7,250
3.5,8.1,190
2.4,8.3,197
3.5,9.6,226
1.8,8.4,197
1.8,8.4,197
2,8.7,205
2,9.2,217
2.9,11.9,280
5.2,13.7,322
6,14.1,331
6,14.7,345
6,16.4,388
6,19.2,450
2,8,188
2,8.7,205
2,9.5,223
2,7.6,177
2,8.8,205
2,8.6,204
2,9.3,217
2,9.7,226
2,9,210
2,9.9,231
2,9.4,220
3,10,238
3,10,238
3,10.5,246
4,10.7,249
4,10.9,255
2,10.3,243
2,10.3,241
2,10.5,246
3,11.4,267
2,10.8,253
3,11.1,260
5.2,14.1,330
5.2,14.1,330
4,13.1,309
2,9.9,232
3,11,259
3,11.7,273
3,11.4,266
4,11.3,263
4,11.4,265
4,13.4,312
3,12.2,285
2,9.1,209
2,9.1,209
2,9.5,222
6,15.9,370
4,13.1,307
6,15.4,360
4,14.4,337
6,16,375
4,13.8,321
6,16,375
6.8,17.5,407
6.8,18.3,430
2,8.7,207
2,8.4,197
2,9.4,219
2,9.1,213
2,9,210
2,8.4,200
2,8.6,202
2,8.8,206
2,7,189
2,7,189
2,9.1,213
2,9.1,213
2,9.1,213
3,9.6,224
3,10.4,242
3,9.8,228
3,10.5,246
3,10.2,238
2,9.1,211
2,9.1,213
2,9.1,213
3,9.6,224
3,10.4,242
3,10.2,238
3,9.8,228
3,10.5,246
3,9.8,228
2,9.1,213
3,9.8,228
3,10.6,249
3,10.6,249
4.4,12.5,292
4.4,11.7,273
4.4,12.5,292
3,10.2,238
4.4,11.7,273
4.4,12.5,292
4.4,12.5,292
4.4,12.5,292
3,10.5,245
3,11.4,267
3,9.6,224
3,10.4,242
3,9.6,224
3,10.7,250
3,9.8,228
3,9.8,228
3,12.1,284
3,11.7,273
3,12.1,283
3,11.7,273
3,12.1,284
3,11.7,273
4.4,14.7,343
4.4,13.8,324
4.4,14.7,343
4.4,13.8,324
4.4,14.7,343
4.4,13.8,324
6.6,15.1,355
2,9.1,213
2,8,211
2,10,233
3,11.1,260
3,11.1,260
2,10.3,240
4.4,14.6,341
3,9.3,249
3,11.5,270
4.4,13.7,320
4.4,14.6,341
3,11.5,270
4.4,13.7,320
3.6,13.4,315
3.6,13.7,322
1.4,8.3,194
1.4,7.9,185
1.4,8.8,208
1.4,8.3,196
2,10.6,248
2.5,9.9,232
3.6,9.5,224
3.6,10,235
2,9.9,233
2,10.7,250
2.4,9.7,226
2,9.3,217
2,10.1,236
2.5,9.2,216
3.6,10,234
2,9.5,222
3.6,10.6,248
3.6,11.9,279
3.6,12.6,295
2,9.5,223
3,11.2,263
3.6,11,259
2,9.5,223
3.6,10,234
2,9.8,229
3.6,10.6,248
3.6,12.7,299
6.2,14,329
6.2,14.1,331
3.6,10.5,245
3.6,11.1,260
3.6,11.1,260
3.6,11.6,272
3.6,12.8,299
2,9.5,222
2,10.1,236
3.6,10.6,249
3.6,11.7,274
6.2,11.7,273
6.2,12.1,284
6.2,15.6,367
6.2,14.9,349
2,9.4,220
2.5,10.7,252
2.5,10.9,254
2.8,9.5,255
3.6,11.7,274
2.5,11.3,263
2.8,10.4,280
3.6,12.2,286
2.8,11.7,315
3.6,14.1,331
6.2,12.4,290
6.2,11.9,278
6.2,14.3,336
6.2,13.4,312
1.4,7,165
1.4,7.3,170
1.4,7.2,169
1.6,6.4,172
1.6,6.3,169
1.4,7.3,172
1.4,7.4,173
1.4,7.5,176
2.4,9.4,221
2.4,9.4,221
2.4,13.6,223
3.6,12.1,285
2.4,10.1,237
2.4,10.1,237
2.4,14.2,234
3.6,13,304
6,18.6,438
6,19,445
2.5,9.5,224
3.6,10.6,249
3.6,14.6,240
1.5,7.8,182
2,9.1,212
1.8,5.1,121
5.3,12.7,297
5.3,13.1,309
6.2,13.8,324
4.3,11.9,279
4.3,17.1,284
5.3,12.7,298
5.3,17.1,284
5.3,13.1,307
5.3,13.9,327
6.2,14.1,330
4.3,12.5,294
4.3,18,294
5.3,13.1,307
5.3,17.9,315
5.3,13,303
1.4,7.8,184
1.4,7.4,174
1.8,8.4,197
1.8,8.3,194
1.4,7.8,184
1.4,7.4,174
1.8,8.4,197
1.8,8.3,194
1.4,7.1,167
1.4,7.2,168
5.3,13,305
5.3,13,305
5.3,17.1,284
5.3,13.3,312
5.3,13.3,312
5.3,19.1,317
5.3,13,305
5.3,13,305
5.3,17.1,284
5.3,13.2,310
5.3,13.2,310
5.3,18,299
3.6,13.4,315
3.6,13.7,322
1.4,8.3,194
1.4,8.2,194
1.4,8.8,208
2.4,8.6,201
2.4,11.7,192
3.6,10.2,241
3.6,13.9,230
3.6,10.8,252
3.6,14.4,237
3.6,10.3,242
5.7,12.3,289
3.6,11,258
3.6,11,258
3.6,15,248
3.6,10.9,257
3.6,10.6,249
3.6,10.3,242
5.7,13.1,307
6.4,13.9,325
5.7,12.3,289
6.4,12.9,302
3.6,11,258
6.4,13.9,325
6.4,12.9,302
6.2,14.5,339
6.2,15.1,352
3.6,11.6,271
3.6,10.3,242
5.7,12.9,302
5.7,12.3,289
6.4,12.9,302
3.6,11,258
3.6,11,258
3.6,15,248
5.7,13.3,312
6.4,12.9,302
6.2,14.5,339
3.6,11.3,265
5.7,14,328
3.6,11.8,276
3.6,16.7,274
2.4,11.1,261
3.6,12.1,284
3.6,16.4,274
3.6,12.4,292
8.4,16.6,387
1.4,8,187
1.4,7.9,185
1.4,8,186
1.4,7.3,171
1.4,8,186
1.4,7,163
1.4,8.7,202
1.4,7.9,186
1.4,8.7,202
1.4,7.9,186
1.4,9.4,221
1.4,8.4,197
2.4,9.3,219
2.4,9.7,226
2,5.9,138
2,9.9,233
2,9.8,230
3.5,11.5,270
2,10.4,244
2.7,12,281
3.5,12.1,284
1.5,9.1,214
2,9.5,222
2.5,9.7,229
2.5,13.3,219
1.5,9.6,226
2,10.2,239
3.5,14.2,333
3.5,14.3,337
2.3,10.8,254
3.5,12,281
3.5,16.1,264
2.3,11.3,266
3.5,13,305
3.5,12.6,296
3.5,17.2,284
2.7,10.9,256
2.7,11.2,263
2.7,11.6,272
3.5,11.3,264
3.5,11.7,274
3.5,12.4,290
3.5,11.6,272
3.5,15.8,258
5,13.2,310
5,17.7,291
5,14.5,340
5,17.7,291
2.7,11.8,276
2.7,12.5,293
2.7,12.3,288
3.5,12.1,284
3.5,12.3,288
3.5,12.7,298
3.5,12.5,293
3.5,16.9,281
5,13.8,323
5,18.6,305
5,14.1,330
5,18.6,306
5,14.8,347
5,19.6,326
3.5,14.5,339
1.6,7.6,178
1.6,7.8,182
1,6.8,158
1.6,8.2,192
3.5,12.7,298
3.5,12.9,303
3.5,13.7,321
1,7.5,176
1,7,164
2,7.9,185
2,10.6,177
2,8,189
2,10.9,182
2,8.3,195
2,11.4,188
2.3,10.9,256
2,9.3,219
1.5,8.7,204
2,9.6,225
2.5,9.6,224
2,10.1,238
2.7,11.5,270
2,5.6,131
3.5,17.3,406
2.3,9.6,226
2.3,10.2,239
2.3,9.8,230
2.3,9.8,230
3.7,11.1,259
3.7,11.5,271
5,12.9,303
5,13.1,307
5,13.8,324
2.3,10.2,239
2.3,10.1,237
5,13.2,309
5,13.8,324
5.2,14.6,341
3.5,14.6,344
3.7,15.1,354
3.7,20.9,343
2,10.1,238
3.5,11.1,260
3.5,15,249
3.5,12.5,293
3.5,12.4,291
3.5,16.3,271
2.5,10.4,244
2.5,14.2,234
2.5,10.8,253
2.5,14.7,242
3.8,12.1,286
5,14.2,332
3.3,11.9,279
5,13,306
2.5,10.2,239
3.6,11.3,265
2.5,10.4,243
3.6,11.6,271
2.5,10.7,252
2.5,10.9,254
2.8,9.5,255
3.6,11.7,274
2.5,11.3,263
2.8,10.4,280
3.6,12.2,286
6,18.6,438
6,19,445
5.3,12.7,297
5.3,13.1,309
6.2,13.8,323
4.3,11.9,279
4.3,17.1,284
5.3,12.7,298
5.3,17.1,284
5.3,13.1,307
5.3,13.9,327
6.2,14.1,330
4.3,12.5,294
4.3,18,294
5.3,13.1,307
5.3,17.9,317
5.3,13,303
2.4,9.4,221
2.4,9.4,221
2.4,13.6,223
3.6,12.1,285
2.4,10.1,237
3.6,13,304
5.3,13,305
5.3,13,305
5.3,17.1,284
5.3,13.2,310
5.3,13.2,310
5.3,18,299
6.2,14.1,330
5.3,13,305
5.3,13,305
5.3,17.1,284
5.3,13.3,312
5.3,13.3,312
5.3,19.1,317
6.2,14.2,333
2.4,8.2,190
2.4,9,210
3.5,9.6,225
3.5,10.9,254
2.4,7.8,180
3.5,9.5,223
2,5,114
1.5,6.8,158
1.5,6.8,159
2,7,163
2,7.4,173
1.5,6.6,153
2,7,163
2,7.4,172
1.5,6.9,162
1.5,7.3,170
1.5,7.3,170
1.5,7.2,167
1.5,7.2,167
1.5,7.8,181
1.5,8,188
1.5,6.5,154
1.5,7,164
1.5,7.4,174
1.8,7.7,180
1.8,7.7,180
1.8,8.4,195
1.8,8.2,194
1.8,8.2,194
3.5,10.7,251
3.5,10.8,254
3.5,11.3,266
3.5,11,256
3.5,11.3,264
1.6,7.9,182
1.6,7.8,184
2,7.4,174
2,8,187
2,8.7,206
2,8.7,204
1.6,4.4,103
1.6,4.1,96
3.3,11.3,265
3.3,11.5,269
2.4,10,235
2,11.2,264
2.4,10.7,253
3.3,12.5,295
2,9.2,216
2.4,8.2,194
2.4,8.7,207
2,6,143
2,5.7,137
1.6,9.3,221
2,9,213
2,10.2,241
1.6,7.6,180
1.6,8,188
1.6,8.2,193
1.6,8.4,200
2,9.6,226
3,10.9,256
3,10.9,257
3.5,8.5,200
2,10,233
3,10.8,253
3,11,259
3.7,11.7,274
5.6,12.8,300
3.5,7.8,184
2,8.5,200
2,9.4,221
3.7,11.9,280
3.5,10.5,246
3.5,10.9,257
2.5,9.1,214
3.7,12.8,301
5.6,15.1,355
3,11.8,277
3,10.4,242
3,12.6,296
3,10.4,242
3,12.6,296
5,13.3,311
5,13.3,311
3,10.8,253
3,12.9,302
3,11.3,265
3,10.8,253
3,12.9,302
3,11.3,265
2,6.9,186
3,10.2,238
2,6.9,186
3,10.4,243
3,11.8,276
3,11.9,280
5,13.3,313
5,13.3,313
2.4,9.6,225
3.2,10,234
2.4,10,235
3.2,10.3,241
2.4,10.2,240
3.2,11.1,259
2.4,10.9,256
3.2,11.6,269
2,10,235
2,9.3,216
2.4,10.1,238
2.4,9.3,219
2.4,10.6,249
2.4,11.1,259
2.4,9.8,230
3.6,11.3,265
5.7,14,328
6.4,15.7,368
2.4,9.3,218
2.4,9,211
2.4,9.5,222
2.4,9.4,221
2,10,235
2,9.3,216
2.4,10.1,238
2.4,9.3,219
2.4,10.6,249
2.4,11.1,259
2.4,9.8,230
1.4,8.9,209
2.4,9.5,222
2.4,12.5,206
1.4,8.9,211
2.4,9.8,230
3.6,12.8,299
3.6,12.8,298
3.6,13.4,313
3.6,13.3,312
3.3,10.2,237
2,7.2,170
2,8.3,198
2,8.3,195
1.6,8.7,207
2,8.3,197
2,8.7,204
1.6,8.6,204
1.6,9.2,216
2,8.6,203
2,8.8,209
3.8,11.8,279
5,13.3,317
1.6,4.8,114
1.6,4.7,110
1.6,5.4,129
2.4,8.4,198
2.4,8,190
2,9.4,224
2,5.6,132
1.6,7.8,181
1.6,7.8,181
2,8.9,210
3.3,11.6,275
3.3,11.4,269
3.3,12.5,296
2.4,9.9,234
2,11,259
2.4,10.5,246
3.3,12.2,289
3.3,11.4,270
1.6,8.7,205
1.6,8.8,208
2,8.7,206
1.6,8.5,199
2.4,9.3,220
2,11.1,263
2.4,10.5,247
6.5,17.9,428
6.5,19.7,461
6.5,18.7,438
6.5,19.7,461
5.2,14.2,331
5.2,14.6,340
2,10.7,252
2,9.8,231
2,10.4,243
1.8,5.7,132
2.5,5.9,139
3.5,9.7,226
3.5,11,257
3.5,7.5,176
5,12.5,293
4.6,14.6,341
2,9.1,214
3.5,11,258
3.5,11,258
4.6,12.9,303
4.6,12.9,303
5.7,15.8,372
2,9.7,226
2,9.9,232
2.5,7.5,176
3.5,11,258
3.5,11,258
5,12.6,289
3.5,10.8,252
3.5,7.9,185
2.7,12,281
3,12.3,288
3.7,12.2,287
2,10.9,256
2,10.8,254
2.3,11.4,268
3.5,13.7,321
3.7,12.7,298
2.7,12.1,284
3.7,12.5,293
2,9.8,230
3,11.2,264
2,10.2,239
3,11.8,278
2,5.9,139
3.5,14.2,333
3.5,14.5,339
3,12.4,286
3,12.4,293
3,12.6,295
4.7,15.1,355
4.7,15.2,358
3,14.7,340
3,14.7,346
3.8,13.8,321
3,13.1,300
3,13.1,301
2,7.6,179
2,8.2,192
2,8.5,199
2.5,8.6,204
2.5,9.2,221
2.5,9.6,225
2.5,10.4,242
2,7.5,176
2,7.5,175
2,7.5,175
2.5,7.8,182
2.5,7.6,176
2.5,8.2,194
2,7.5,174
2,7.6,178
2.5,7.8,183
2.5,7.8,181
2.5,8.4,198
2.5,9.6,226
2.5,9.8,230
2.5,8,187
2.5,7.9,186
2.5,8.4,196
2,8,187
2,8.1,190
4,11.7,273
4,12.2,291
4,12.1,285
4,11.7,273
4,12.2,291
4,12.1,285
2,9.3,221
5.5,13.1,308
5.5,18.5,413
6,20.3,467
2,10,233
3,14.6,353
3,12,281
3,12,281
5.5,15.6,363
5.5,15.2,363
5.5,16.3,369
4,12.8,303
4,12.8,303
5.5,13.2,313
5.5,13.8,322
5.5,13,305
6,14.6,349
6,14.3,348
6,15.5,365
5.5,12.4,298
6,14.5,340
3,10.1,234
2,8.3,179
2,9,212
2,9.5,222
2,9.3,218
2,8.1,190
4.7,11.7,275
2,9.5,246
3,10.4,245
3,11,259
3,10,233
3,10.2,239
4.7,11.7,275
4.7,11.4,268
4,17.9,401
2,9.1,212
2,12,128
2,10,233
3,11.7,276
4.7,13.5,318
3,13,306
4.7,15,347
6,15,359
2,10.2,240
2,10.5,248
3,10.8,253
4.7,12,280
4.7,12,280
4.7,11.8,276
4.7,11.9,278
6,14.5,350
3,10.1,237
4.7,11.7,275
2,8.5,200
1.5,7.9,184
1.5,7.5,175
1.5,7.9,184
1.5,7.5,175
1.5,8.4,197
1.5,8.4,197
1.5,9.1,213
1.5,9.1,214
1.5,7.9,184
1.5,7.5,175
1.5,8.4,197
1.5,8.4,197
1.5,9.2,215
1.5,9.1,214
2,8.3,196
2,8.9,210
2,8.3,196
2,8.9,210
2,8.7,205
2,9.4,220
2,9,210
2,9.7,227
2,8.4,196
2,8.9,210
2,9.1,213
2,9.7,227
2,8.3,196
2,8.9,210
2,9,210
2,9.7,227
2,8.4,196
2,9.4,220
2,7.9,183
2,8.5,200
2.4,8.9,206
2.4,9.3,218
2.4,9.2,212
2,8.4,194
2,8.7,205
1.2,6,141
1.2,6.5,150
1.2,6.4,149
1.2,6.6,155
2.4,8.4,197
2.4,9,211
3,10.4,242
2,8.8,204
2,9.3,216
2,9.2,213
3.7,11.1,261
3.7,11.5,269
3.7,11.5,270
3.7,11.8,278
2.5,7.5,176
3.5,9.1,214
2.5,7.8,183
5.6,15.4,362
2.5,12.2,286
2.5,11.4,268
4,12.9,304
4,13.8,326
4,13.5,317
3.8,12.8,300
1.6,8,189
1.6,8,188
1.6,8.4,199
1.6,8.4,197
1.6,8.9,209
3.5,9.6,225
1.6,7.9,186
1.6,7.9,185
3.5,9.8,230
3.5,9.9,232
2,9.4,220
3.5,10.2,240
3.5,10.7,250
3.5,11,258
2,8.1,191
2,9.2,216
2,8.4,197
2.5,8.2,192
2.5,8.6,203
1.6,8.2,193
1.6,8.3,195
1.8,7.3,171
1.8,8,187
1.6,8.7,205
1.6,8.7,204
5.6,13.3,312
5.6,13.4,315
5.6,14.2,333
1.6,7,164
1.6,7.7,180
3,9.4,221
3,10.1,237
3,9.7,227
3,10.3,241
3,9.7,226
3,10.4,242
3,9.7,228
3,10.4,243
3,9.6,225
3,10.4,242
3,9.8,230
3,10.5,246
3,9.9,232
3,10.4,243
3,9.9,231
3,10.5,246
3,9.8,228
3,10.5,246
3,10,233
3,10.5,246
3.8,11.4,266
3.8,11.4,267
3.8,11.4,266
3.8,11.4,267
2,9.4,219
2,9.8,229
2.5,9.9,230
2.5,10.7,249
3.6,11.5,268
3.6,12.1,281
3.6,12,281
3.6,12.6,296
4.8,14.2,334
4.8,14.2,334
2,9.4,219
2,9.8,229
2.5,9.9,230
2.5,10.7,249
2,10.6,248
3,12.2,285
3,12.3,287
3.6,12.3,287
3.6,11.9,280
3.6,17,283
5.7,14.8,346
5.7,13.6,319
3,10.4,278
3.6,12.6,294
3.6,18,300
5.7,15.4,361
5.7,14,328
3,10.8,289
2.4,9.9,232
6.6,16.7,390
6.6,16.7,390
6.6,16.7,390
6.7,17.1,400
6.7,17.1,400
6.7,17.1,400
6.7,17.1,401
6.6,16.1,375
0.9,6.7,152
2,8.6,200
2,9.7,228
2,8.2,193
2,9.2,216
2,9.5,223
2.5,8.4,196
2.5,9.7,228
2,7.5,174
2,8.9,208
2,7.5,176
2,9,211
2.5,8.3,194
2.5,9.5,222
3.6,10.3,241
2.5,8.4,198
2.5,9.8,229
3.6,10.5,247
2,11.2,255
2,10,235
2.5,12.2,285
4,13.3,310
4,13.3,310
2,8.7,204
2,9.9,232
3.5,9.7,226
2.5,8.6,199
3.5,9.6,224
2.5,5.9,137
2.5,6,141
1.8,7.5,174
1.8,7.5,178
1.8,7.5,176
1.8,6.9,163
1.8,7.2,168
1.8,7.5,176
1.8,7.9,185
3.5,10.3,243
3.5,10.6,251
3.5,10.6,247
3.5,10.4,242
3.5,8.3,193
1.8,4.5,105
1.5,5.1,120
1.8,5.8,135
2.5,9.2,217
2.5,9,210
2.5,9.5,222
2.5,9.7,226
2.5,7.3,170
5.7,16.5,380
3.5,10.9,255
3.5,11.7,274
2.7,11.2,263
3.5,11.4,268
2.7,11.7,274
2.7,11.9,279
3.5,12,283
3.5,12.8,301
3.5,12.9,300
4.6,14.2,334
5.7,15.3,358
4.6,14.9,349
5.7,16.2,378
1.5,6.6,155
1.5,6.8,164
1.5,7.4,173
1.5,7.2,168
1.8,8.5,199
1.8,8.4,198
1.8,8.6,201
1.8,8.5,199
3.6,11.8,277
1.8,8.2,192
1.8,8.1,190
2,8.5,199
2,8.5,198
2,9.3,216
2,9.4,220
1.8,9.4,220
1.8,8.2,192
1.8,8.3,194
1.8,9.4,220
1.4,7.4,175
1.4,7.2,168
1.8,8.2,193
2,8.7,205
2,8.9,208
1.8,8.7,204
3.6,10.4,242
2,10.7,256
2,11.1,263
3.6,12.2,287
2,8.4,198
2,9.4,219
2,8.4,198
2,9.4,219
2,9.5,221
2,10.3,241
2,9.4,220
2,8.7,204
2,9.4,219
2,8.4,198
2,9.4,219
2,9.5,221
2,10.3,241
2,9.4,220
2,8.7,204
2,9.4,219
2,9.4,221
2,9.2,216
2,10,233
2,10.4,244
2,10,232
2,10.2,239
2,10.6,249
2.4,8.2,192
3.5,11,259
3.5,10.7,251
3,9,210
3.5,11,261
3.5,10.7,250
3.5,8.4,196
2.4,8.7,205
2.4,8.9,209
3.5,9.8,228
3.5,10.3,240
1.8,8.4,197
1.8,8.4,197
2,8.7,205
2,9.2,217
2.9,11.9,280
2,9.6,226
2.9,12.4,292
4,11.5,271
5.2,13.7,322
6,14.1,332
6,14.7,346
2,8,188
2,8.7,205
2,9.5,223
2,7.6,177
2,8.7,203
2,8.7,204
2,9.3,217
2,8.7,203
2,8.7,204
2,8.7,203
2,8.7,203
2,9.2,216
3,10,235
3,10,235
3,10.5,247
4,12.4,290
4,12.4,290
2,10.1,236
2,10.3,240
2,9.6,226
2,11,258
3,11.1,260
5.2,13.1,304
5.2,14.5,338
5.2,14.5,338
2.5,10.5,248
2.9,11.1,260
4,13.7,318
2,9.6,223
3,9.9,232
3,9.9,232
3,10.2,239
3,9.9,232
4,12.8,298
4,12.8,298
4,13.4,313
3,11.5,270
2,9.1,209
2,9.1,209
2.5,10.5,245
2,9.5,222
6,15.9,370
6,16.6,389
6,16.6,389
4,15.1,353
6,16.6,389
6.8,17.3,405
2,8.4,197
2,9.4,219
2,8.9,208
2,8.6,202
2,7,184
2,7,184
2,8.9,208
2,8.9,208
2,8.9,208
3,7.8,183
3,10.3,240
3,9.5,223
3,10.5,245
3,10,235
2,9.1,214
2,8.9,208
2,8.9,208
3,7.8,183
3,10.3,240
3,10,235
3,9.5,223
3,10.5,245
3,9.5,223
2,8.9,208
3,10,236
3,10.5,248
3,10.5,248
3,10.3,241
4.4,12.4,292
4.4,12.2,286
4.4,12.4,292
4.4,12.4,292
4.4,12.1,283
4.4,12.4,292
3,10.5,245
3,11.4,267
3,9.5,222
3,10.9,255
3,9.5,222
3,10.7,249
3,9.7,227
3,9.7,227
3,11.9,280
3,11.6,273
3,12.7,299
3,11.9,280
3,11.9,280
3,11.6,273
4.4,12.1,283
4.4,14.7,344
4.4,13.8,324
4.4,14.7,344
4.4,13.8,324
4.4,14.7,344
4.4,13.8,324
6.6,15.1,355
2,9.3,217
2,9.5,222
2,9.5,223
3,10.3,241
2,10.3,240
3,11.4,266
3,9.3,246
3,11.5,270
4.4,13.5,317
4.4,14.6,341
3,11.5,270
4.4,13.5,317
4.4,14.6,341
8,22.2,522
3.6,11.2,263
3.6,11.8,277
1.4,8.3,194
1.4,7.9,185
1.4,8.9,210
1.4,8.3,196
2,10.6,248
2.5,10,234
3.6,9.7,228
2.5,8.1,190
3.6,10.1,237
2,9.2,217
2,9.6,227
3.6,10.7,250
2,9.2,216
2,10.3,240
3.6,10,234
2,9.5,222
3.6,10.5,247
3.6,11.9,291
3.6,12.6,295
2,9.5,224
3,11.2,263
3.6,11.1,261
2,9.5,224
3.6,10,234
2,9.8,229
3.6,10.5,247
3.6,12.7,311
6.2,14,329
6.2,14,329
3.6,10.6,250
3.6,11.2,263
3.6,11.1,260
3.6,11.6,272
3.6,12.8,302
2,9.4,220
2,10.1,235
3.6,10.4,246
3.6,11.7,274
6.2,11.7,273
6.2,12.1,284
6.2,15.4,361
6.2,14.8,348
2,9.3,218
2.5,10.8,253
2.5,10.7,251
2.8,9.6,257
3.6,11.7,274
2.5,11.3,266
2.8,10.4,279
3.6,12.2,288
2.8,11.7,315
3.6,14.1,331
6.2,12.7,297
6.2,11.9,278
6.2,14.3,336
6.2,13.4,312
1.4,7.1,166
1.4,7.4,172
1.4,7.2,169
1.6,6.5,175
1.6,6.3,170
1.4,7.3,172
1.4,7.5,175
1.4,7.5,176
1.6,6.6,178
1.6,6.7,180
1.5,8.3,195
1.6,7.4,198
1.5,8.9,209
1.6,7.4,198
2,9.7,228
2.5,9.5,224
3.6,10.8,254
3.6,14.6,245
1.5,7.8,181
2,9.1,213
1.8,5.1,121
4.3,11.8,278
4.3,17.1,284
5.3,12.7,298
5.3,12.7,298
5.3,17.1,283
5.3,13.1,307
6.2,13.8,324
5.3,11.8,278
4.3,12.5,294
4.3,18,296
5.3,13.1,307
5.3,13.1,307
5.3,18.3,309
5.3,13.8,324
6.2,14.1,331
5.3,13,304
1.4,7.8,184
1.4,7.4,174
1.8,8.3,193
1.8,8.1,190
1.4,7.8,184
1.4,7.4,174
1.8,8.3,193
1.8,8.1,190
1.4,7.1,167
1.4,7.1,166
5.3,13,305
5.3,13,305
5.3,17.2,285
5.3,13.3,313
5.3,13.3,312
5.3,19.3,321
5.3,13,305
5.3,13,305
5.3,17.2,285
5.3,13.2,310
5.3,13.2,310
5.3,18,299
6.2,13.8,325
2,10.5,246
3.6,11,258
3.6,11.8,276
1.4,8.3,194
1.4,8.2,194
1.4,8.9,210
3.6,10.3,242
3.6,10.3,242
3.6,14.2,234
5.7,12.3,289
3.6,11,258
3.6,11,258
3.6,15,248
3.6,10.9,259
3.6,10.6,249
3.6,10.3,242
5.7,13.1,307
6.4,13.9,325
5.7,12.3,289
6.4,12.9,302
3.6,11,258
3.6,11,258
3.6,15,248
6.4,13.9,325
6.4,12.9,302
6.2,14.5,339
6.2,14.5,339
6.2,15.1,352
3.6,11.6,271
3.6,11.6,271
3.6,16.1,268
3.6,10.3,242
3.6,10.3,242
3.6,14.2,234
5.7,12.9,302
5.7,12.3,289
6.4,12.9,302
3.6,11,258
3.6,11,258
3.6,15,248
5.7,13.3,312
6.4,12.9,302
6.2,14.5,339
3.6,11.3,265
5.7,14.1,331
6.4,15.6,363
3.6,11.8,276
3.6,16.7,274
2.4,11.1,261
3.6,12.1,284
3.6,16.4,274
3.6,12.4,292
1.4,8,187
1.4,7.9,185
1.4,8.7,202
1.4,7.8,182
1.4,8.7,202
1.4,7.8,182
1.4,9.4,221
1.4,8.4,197
2.4,9.4,220
2.4,9.7,226
2,5.9,138
1,8.4,195
2,9.3,217
2,9.9,233
2,9.9,231
3.5,11.5,270
2,10.5,246
2.7,12,282
3.5,12.4,291
1.5,9.1,214
2.5,9.7,229
2.5,13.3,219
1.5,9.6,226
2,10.3,241
3.5,12.4,291
3.5,13.2,311
2.3,10.8,254
3.5,12.1,283
3.5,16.2,269
2.3,11.4,267
3.5,13,305
3.5,12.7,299
3.5,17.3,288
2.7,10.6,249
2.7,10.8,253
2.7,11,258
3,9.5,256
3,9.7,260
3.3,11,259
3.3,10.9,257
3.3,14.9,248
3.3,11.2,263
3.3,11.2,263
3.3,14.9,248
3.5,12,282
3.5,12.3,288
3.5,12.5,293
5,12.4,292
5,12.2,286
5,17.4,288
5,13.1,308
5,13.1,307
5,17.4,288
5,13.8,324
5,13.8,323
5,17.4,288
2.7,11.3,265
2.7,11.8,277
2.7,11.6,272
3,10.7,288
3,10.7,288
3,9.9,266
3.3,11.8,277
3.3,11.7,273
3.3,15.8,263
3.3,12.4,291
3.3,12.4,291
3.3,15.8,262
3.5,12.6,295
3.5,12.7,297
3.5,13,305
5,13,304
5,13.3,311
5,18,300
5,13.8,324
5,13.8,324
5,18,300
5,14.2,334
5,14.5,339
5,19.5,325
3.5,14.5,339
1.6,7.6,179
1.6,7.8,182
1.6,8.2,192
3.5,12.7,298
3.5,12.9,303
3.5,13.7,322
1,7.5,176
1,7,164
2,7.7,179
2,8.5,200
2,8.3,196
2.3,10.8,252
2,9.3,219
1.5,8.7,203
2,9.6,225
2.5,9.5,223
2,10.2,238
2.7,11.8,277
2,5.6,131
3.5,17.1,403
2.3,9.4,219
2.3,10.1,236
2.3,9.5,222
2.3,10.3,240
5,12.5,291
5,12.8,300
2.3,10.2,238
2.3,10.3,240
5,13.1,305
5.2,14.6,341
3.5,14.7,345
3.7,15.1,354
3.5,11.1,260
3.5,15,249
3.5,12.5,294
3.5,12.4,291
3.5,16.3,271
2.5,10.4,244
2.5,14.3,234
2.5,10.7,251
2.5,14.7,241
3.3,11.9,282
3.8,11.7,276
5,13.2,312
3.3,11.9,279
5,13,306
2.5,10.2,239
3.6,11.4,268
2.5,10.4,243
3.6,11.7,275
2.5,10.8,253
2.5,10.7,251
2.8,9.6,257
3.6,11.7,274
2.5,11.3,266
2.8,10.4,279
3.6,12.2,288
4.3,11.8,278
4.3,17.1,284
5.3,12.7,298
5.3,12.7,298
5.3,17,283
5.3,13.1,307
6.2,13.8,323
5.3,11.8,278
4.3,12.5,294
4.3,18,296
5.3,13.1,307
5.3,13.1,307
5.3,18.3,309
5.3,13.8,324
6.2,14.1,331
5.3,13,304
1.5,8.6,201
1.6,7.4,198
1.5,9,210
1.6,7.4,198
2,10.2,239
5.3,13,305
5.3,13,305
5.3,17.2,285
5.3,13.2,310
5.3,13.2,310
5.3,18,299
6.2,13.8,325
5.3,13,305
5.3,13,305
5.3,17.2,285
5.3,13.3,313
5.3,13.3,312
5.3,19.3,321
6.2,14.5,340
1.5,7.2,168
1.5,7.6,177
1.5,7.9,185
2,9.2,214
2,9.1,211
2,5.1,118
1.5,6.8,158
1.5,6.8,158
2,7,163
2,7.4,173
1.5,7.4,173
1.5,6.9,162
1.5,7.3,170
1.5,7.2,167
1.5,7.3,170
1.5,7.2,167
1.5,6.6,153
2,7,163
2,7.4,172
1.5,7.4,173
2,9.6,224
1.5,7.8,181
1.5,8,188
1.5,6.5,151
1.5,7,166
1.5,7.4,174
1.8,7.7,180
1.8,7.7,180
1.8,8.4,195
1.8,8.2,194
1.8,8.2,194
3.5,10.7,252
3.5,10.6,247
3.5,11.3,266
3.5,11,256
3.5,11.3,264
1.6,8.1,189
1.6,7.4,173
1.6,7.3,173
1.6,9.4,221
2,7.4,174
2,8,188
1.6,8.3,194
1.6,9.6,226
2,8.4,198
2,8.7,205
1.6,4.3,102
1.6,4.1,96
2,7.9,186
1.6,8.6,201
2,8.6,202
3.3,11.3,265
3.3,11.5,269
3.3,12.5,295
2.4,10,235
2.4,10.7,253
2,11.2,264
2,9.1,212
2.4,8.5,202
2,5.7,135
2,5.6,132
2,9,213
1.6,9.3,221
2,10.2,241
2,9.7,228
3,10.8,253
3,11.1,260
3.5,8.5,200
2,10,233
3,10.7,251
3,11,259
3.7,11.7,274
5.6,12.8,301
2,8.5,200
2,9.4,221
3.5,10.9,257
5.6,15.1,354
2,8.1,218
2,9.9,227
3,11.8,277
2,9.2,215
3,10.4,242
3,12.6,296
3,10.8,253
3,12.9,302
3,11.3,265
2,9.2,215
3,10.4,242
3,12.6,296
3,10.8,253
3,12.9,302
3,11.3,265
5,13.3,311
5,13.3,311
2,6.9,186
2,8.5,200
3,10.2,238
2,6.9,186
2,8.8,207
3,10.4,243
3,11.8,276
3,11.9,280
5,13.3,313
2.4,9.6,225
2.4,13.3,218
3.2,10,234
2.4,10,235
2.4,10,235
2.4,14,231
3.2,10.3,241
2.4,10.2,239
3.2,11.1,259
2.4,10.9,256
3.2,11.6,269
2.4,9.3,218
2.4,9,211
2.4,9.5,222
2.4,9.4,221
3,10,268
3.6,11.3,265
5.7,14.1,331
6.4,15.7,368
6.2,17.7,413
2,10,233
3.6,11.8,274
3.6,11.8,277
2,10.5,245
3.6,11.7,275
3.6,12.2,285
1.4,8.9,209
2.4,9.5,222
2.4,9.5,222
2.4,12.5,206
1.4,8.9,211
2.4,9.8,230
3.6,12.8,299
3.6,12.8,298
3.6,13.4,313
3.6,13.3,312
3.3,10.2,237
2,7.1,168
2,8.3,198
2,8.3,195
1.6,8.7,207
2,8.3,197
2,8.7,204
3.8,11.8,279
5,13.3,317
1.6,4.8,114
1.6,4.7,110
1.6,5.4,129
2,9.4,224
2.4,8.4,198
2.4,8,190
2,5.6,132
1.6,7.5,177
1.6,7.5,175
3.3,11.6,275
3.3,11.4,269
3.3,12.5,296
2.4,9.9,234
2,11,259
2.4,10.5,246
3.3,12.2,289
3.3,11.4,270
1.6,8.5,199
1.6,8.7,205
2,8.7,206
2.4,9.2,218
2,11.1,263
2.4,10.5,247
3.3,11.3,265
6.5,19.4,454
6.5,19.8,464
6.5,19.4,454
6.5,19.8,464
5.2,14.4,336
5.2,15,349
5.2,14.5,337
5.2,15,350
2,10.5,246
2,9.6,225
2,9.8,231
2,8.5,229
3,11.6,273
2.5,5.9,139
3.5,9.7,226
3.5,11,257
3.5,7.5,176
5,12.5,293
4.6,14.6,341
2,9.1,214
3.5,10.9,254
3.5,10.9,254
5,12.2,286
3.5,8,187
3.4,10.2,240
3.4,11,259
3.5,8.4,195
3.5,9.1,211
5.7,15.8,371
2,9.7,226
2,9.9,232
2.5,7.5,176
3.5,11.2,262
3.5,11.2,262
5,12.6,289
3.5,10.8,252
3.5,11.1,268
3.5,7.9,185
2.7,12,280
3,12.3,290
3.7,12.2,287
2,10.9,256
2,10.8,254
2.3,11.5,269
3.5,13.7,322
3.7,12.7,298
2.7,12.1,284
3.7,12.5,293
2,10.3,242
3,11.8,278
2,5.9,139
3.5,13.3,310
3,12.2,286
3,12.4,293
3,12.6,295
4.7,15.1,355
4.7,15.2,358
3,14.4,340
3,14.7,346
3.8,13.7,321
3,12.8,300
3,12.8,301
2,7.6,180
2,8.1,189
2,8.2,192
2,8.8,206
2.5,8.8,206
2.5,8.5,201
2.5,9.3,217
2.5,9,208
2.5,9.6,225
2.5,10.4,242
2,7.5,176
2,7.5,175
2,7.5,175
2.5,7.8,182
2.5,7.6,176
2.5,8.2,194
2,7.5,174
2,7.6,178
2.5,7.8,187
2.5,7.8,181
2.5,8.4,198
2.5,8,187
2.5,8.9,208
2,8,188
2,8.1,189
3,10.4,244
3,11,256
3,10.5,245
4,11.7,274
4,12.4,291
4,12.1,285
4,11.7,274
4,12.4,291
4,12.2,285
2,9.2,217
3,11.1,258
4,13.3,313
4,13.3,312
5.5,17.9,419
6,20.3,473
2,9.6,225
3,11.8,277
3,11.6,272
3,12.1,282
3,12.2,285
5.5,15.5,364
5.5,15.2,357
5.5,15.7,367
4,12.8,302
4,13,304
4,13.8,322
4,13.8,322
4,13.9,324
4,12.8,302
4,11.8,275
4,13.1,306
4,11.6,271
6,15.1,356
5.5,12.4,291
6,14.5,339
3,10.1,236
2,8.4,196
2,9.1,215
2,9.1,214
2,9.6,224
2,9.3,218
2,9.5,222
2,8.2,193
2,8.7,204
2,9.7,227
3,10.4,246
3,10.8,251
3,10.6,248
3,11.1,261
4,17.5,410
2,9,209
2,10,240
2,10,235
3,12.1,282
4.7,13.5,317
3,13,305
4.7,14.7,346
6,15.1,355
2,10.7,251
2,11.4,268
3,10.9,255
4,11.8,276
4,11.3,265
4,11.2,261
4,11.4,269
3,10.2,238
4.7,11.8,275
2,8.6,202
1.5,7.9,184
1.5,7.5,175
1.5,7.9,184
1.5,7.4,174
1.5,9,212
1.5,9.1,214
1.5,7.9,184
1.5,7.4,174
1.5,9.2,215
1.5,9.1,214
2,8.4,197
2,9,210
2,8.4,197
2,9,210
2,9.2,215
2,9.7,227
2,8.3,195
2,9,210
2,9.2,215
2,9.7,227
2,8.4,197
2,9,210
2,9,211
2,9.7,228
2,8.7,203
2,9.4,220
2,9.3,220
2,9.9,232
1.5,8.9,208
1.5,9.3,216
1.2,6,141
1.2,6.5,150
1.2,6.4,149
1.2,6.6,155
2.4,9.1,212
3,10.6,248
2,8.8,204
2,9.3,216
2,9.2,213
2.4,9.4,219
3.7,11.1,261
3.7,11.5,269
3.7,11.5,270
3.7,11.8,278
2.5,7.6,179
2.5,7.8,185
3.5,9.1,214
5.6,15.4,362
2.5,12.3,290
2.5,11.4,268
4,12.8,300
4,13.9,326
4,13.5,317
3.8,12.8,300
1.6,7.2,169
3.5,9.6,227
1.6,8,188
1.6,7.9,186
3.5,9.8,230
3.5,9.9,232
2,9.3,218
3.5,10.2,240
3.5,10.7,250
3.5,11,259
2,8.1,191
2,9.2,216
2,8.4,196
2.5,8.2,192
2.5,8.7,205
1.8,7.3,172
1.8,8,187
1.6,8.2,193
1.6,8.3,195
1.6,8.7,205
1.6,8.7,204
5.6,13.3,312
5.6,13.4,315
5.6,14.1,331
1.6,7,164
1.6,7.7,180
3,9.4,221
3,10.1,237
3,9.7,227
3,10.3,241
3,10.4,243
3,11.1,260
3,10.6,249
3,11,258
3,9.7,226
3,10.4,242
3,9.7,228
3,10.4,243
3,9.6,225
3,10.4,242
3,9.8,230
3,10.5,246
3,10.6,248
3,11,257
3,10.7,250
3,11.1,260
3,9.9,232
3,10.4,243
3,9.9,231
3,10.5,246
4,13.9,324
4,15.1,352
3,9.8,228
3,10.5,246
3,10.8,251
3,11.4,266
3,10,233
3,10.5,246
3.8,11.4,266
3.8,11.4,267
3.8,11.4,266
3.8,11.4,267
3.8,12.3,285
2,9.4,219
2,9.8,229
2.5,10.6,249
2.5,11,257
2.5,9.9,230
2.5,10.7,249
3.6,11.5,268
3.6,12.6,296
3.6,12.1,281
3.6,12,281
4.8,14.3,334
4.8,14.3,334
2,9.4,219
2,9.8,229
2.5,10.6,249
2.5,11,257
2.5,9.9,230
2.5,10.7,249
2,10.6,248
3,12.3,287
3,12.2,285
3.6,12.3,287
3.6,12.3,286
3,9.8,229
3,10.1,235
3,10.1,235
3,10.4,242
2.9,10.1,235
2.9,10.1,235
2.9,10.7,249
4,11.2,261
4,11.2,261
4,11.9,279
3.6,11.9,280
3.6,17,283
5.7,14.8,346
5.7,13.6,319
3,10.4,278
3.6,12.6,294
3.6,18,300
5.7,16.3,382
5.7,14,328
3,10.8,289
2.4,9.9,232
6.6,17,397
6.6,17,397
6.6,17,397
6.7,16.6,387
6.7,16.6,387
6.6,16.6,388
2,8.6,200
2,9.8,229
2,10.2,239
2,8.1,188
2,9.4,220
2,9.5,223
2.5,8.4,196
2.5,9.7,228
2,7.5,174
2,8.9,208
2,7.5,176
2,9,211
2.5,8.3,193
3.6,10.3,241
2.5,8.5,198
3.6,10.5,247
2,11.2,256
2,10,235
2.5,12.5,291
2.5,12.8,296
4,13.2,308
4,13.2,308
2,8.7,204
2,9.9,232
3.5,9.7,226
2.5,6.9,164
2.5,7.3,172
2.5,7.4,173
3.5,9,210
3.5,9.2,215
2.5,4.9,113
2.5,5.1,121
2,8.2,189
1.8,7.5,174
1.8,7.5,178
1.8,7.6,178
1.8,6.9,163
1.8,7.2,168
1.8,7.5,176
1.8,7.9,185
3.5,10.3,243
3.5,10.6,251
3.5,10.6,247
3.5,10.4,242
3.5,8.3,193
1.8,4.5,105
1.5,5.1,120
1.8,5.8,135
2.5,9,210
2.5,9.5,222
2.5,9.7,226
2.5,7.3,171
5.7,16.4,384
3.5,10.9,256
3.5,11.7,274
2.7,11.2,263
3.5,11.4,268
2.7,11.7,274
3.5,12.1,283
3.5,12.7,299
3.5,12.9,300
5.7,15.9,371
4.6,14.9,354
5.7,16.3,383
1.5,6.6,155
1.5,6.8,164
1.5,7.4,173
1.5,7.2,168
2,10,233
3.6,12.1,282
2,8.2,191
2,8.2,191
2,8.1,189
2,8.1,189
1.8,8.5,199
1.8,8.2,192
2,8.6,200
2,8.5,199
2,9.4,220
2,9.8,227
1.8,9.4,220
1.8,9.6,225
1.8,8.5,199
1.8,8.2,192
1.8,9.6,224
1.8,9.3,218
2,8.1,188
3.6,10.6,246
2,9.8,229
2,10.2,237
2,9.7,226
2,9.4,221
2,10.3,241
2,9.4,220
2,8.8,206
2,9.3,216
2,9.7,226
2,9.4,221
2,10.3,241
2,9.4,220
2,9.3,216
2,9.2,214
2,9.6,224
2,9.8,228
2,10.2,240
2,9.7,227
2,10.3,240
2.4,8.6,199
3.5,10.8,252
3.5,11,258
3,9,210
3.5,11,261
2,9.9,232
2,10.3,242
3.5,8.4,196
2.4,8.7,205
2.4,8.9,209
3.5,9.8,228
3.5,10.3,240
1.8,8.4,197
1.8,8.4,197
2,8.7,205
2,9.2,217
2.9,11.9,280
2,9.3,218
2,9.6,226
2.9,12.4,292
4,11.5,271
5.2,13.3,312
5.2,13.8,324
6,14.1,332
6,14.7,346
4,11.2,264
2,8.1,188
2,9.6,225
2,9.5,221
2,7.8,182
2,8.7,204
2,9.5,221
2,8.7,204
2,8.7,204
2,8.7,204
3,9.6,224
3,9.6,224
3,10.8,252
2,10.6,248
2,9.9,230
2,11,258
3,11.1,260
3,12.5,294
2.5,10.6,247
2.9,11.3,262
2.9,11.5,268
2,9.5,222
3,9.8,230
3,9.8,230
3,9.9,234
3,9.8,230
3,11.5,270
2,9.2,213
2,9.2,213
2.5,10.3,241
2,9.4,220
4,13.6,315
6.8,20,465
2,8.8,207
2,8.6,202
2,8.3,194
2,8.8,207
2,8.8,207
2,9.1,213
2,8.8,207
2,8.8,207
3,9.4,227
3,11,256
3,10,235
3,9.7,228
3,11,256
3,9.7,228
2,8.8,207
3,9.8,231
3,10.5,248
3,10.3,241
4.4,12,282
4.4,11.5,269
4.4,12,282
4.4,12,282
4.4,12,282
3,12.6,294
3,11.7,273
3,9.7,227
3,11,256
3,9.7,227
3,11,256
3,9.7,227
3,11,256
3,9.8,229
3,9.8,229
3,9.8,229
3,12.7,299
3,11.9,280
3,12.7,299
3,11.9,280
3,12.6,294
3,11.7,273
3,12.6,294
3,11.7,273
3,12.6,294
4.4,13.9,324
4.4,13.9,324
4.4,11.5,269
4.4,14.7,344
6.6,15.1,355
4.4,11.6,270
4.4,11.5,269
2,9.3,217
2,9.5,222
2,9.6,223
3,10.4,245
2,9.6,223
3,10.4,245
3,10.5,245
4.4,13.4,314
3,11.6,272
4.4,12.6,294
4.4,14.6,341
3,10.8,254
4.4,12.6,294
8,22.2,522
3.6,11.2,263
3.6,11.9,278
1.4,8.7,204
1.4,8.3,194
1.4,9.1,214
1.4,8.8,205
2,10.7,249
2.5,10,234
3.6,9.9,233
2.5,8.2,192
3.6,10.1,238
2,9.1,214
2,9.6,227
3.6,10.7,251
3,11.3,267
3.6,11.1,261
4.2,13.8,324
2,9.5,222
3.6,10.5,246
2,9.9,232
3.6,11.5,269
3.6,12.7,298
6.2,14.3,337
6.2,14,328
2,8.9,209
2,9.7,227
3.6,10.6,250
3.6,11.2,263
3.6,11,259
3.6,11.6,272
3.6,12.8,302
2.5,9.9,232
3.6,10.6,250
3.6,11.3,265
2,9.4,220
2,10.1,235
3.6,10.4,246
3.6,11.8,277
6.2,12,279
6.2,12.6,297
6.2,15.1,355
6.2,14.9,349
2.5,10.8,253
2.5,10.7,251
2.8,10.1,270
3.6,11.7,274
2.5,11.4,267
2.8,10.5,283
3.6,12.2,286
2.8,12.1,326
3.6,14.1,331
6.2,12.7,299
6.2,12.2,286
6.2,14,331
6.2,13.5,318
6.2,16.1,381
6.2,15.6,368
1.4,7.3,172
1.4,7.3,172
1.6,6.4,172
1.4,7.3,172
1.4,7.5,175
1.6,6.6,178
1.5,8.3,196
1.6,7.4,199
1.5,8.6,207
1.6,7.4,199
2,9.7,228
2.5,9.6,225
3.6,10.8,254
3.6,14.6,245
1.5,7.5,174
2,9.1,214
1.8,5.1,121
2.7,11.1,261
4.3,13.5,316
5.3,13.9,326
5.3,14,329
5.3,18.4,306
5.3,12.4,290
2.7,11.7,275
4.3,14,329
4.3,14.8,347
5.3,14,329
5.3,14.4,339
5.3,19.3,322
5.3,14.9,350
5.3,13.1,306
5.3,13.7,320
6.2,13.7,321
5.3,13.5,317
5.3,13.8,325
1.4,7.1,167
1.4,7.2,170
5.3,13.4,314
5.3,13.4,314
5.3,17.9,298
5.3,14.3,336
5.3,14.3,336
5.3,19,317
6.2,14.5,340
5.3,13.4,314
5.3,13.4,314
5.3,17.9,298
5.3,13.7,321
5.3,13.7,321
5.3,18.4,305
6.2,13.8,325
3.6,11.1,261
3.6,11.8,277
1.4,8.4,196
1.4,8.3,194
1.4,9.1,214
3.6,10.3,242
3.6,10.3,242
3.6,14.2,234
5.7,12.3,289
3.6,11,258
3.6,11,258
3.6,15,248
3.6,10.9,259
3.6,10.6,249
3.6,10.3,242
5.7,13.1,307
6.4,13.9,325
5.7,12.3,289
6.4,13,304
3.6,11,258
6.2,14.5,339
6.2,15.1,352
6.2,14.5,339
3.6,11.6,271
3.6,11.6,271
3.6,16.1,268
3.6,10.3,242
3.6,10.3,242
3.6,14.2,234
5.7,12.9,302
5.7,12.3,289
6.4,13,304
3.6,11,258
3.6,11,258
3.6,15,248
5.7,13.3,312
6.2,14.5,339
3.6,11.3,265
5.7,14.1,331
6.4,15.6,363
3.6,11.8,276
3.6,16.7,274
2.4,11.1,261
3.6,12.1,284
3.6,16.4,274
3.6,12.4,292
1.4,8,187
1.4,7.9,185
1.4,8.7,203
1.4,7.9,186
1.4,9.4,221
1.3,9.1,213
1,8.4,196
2,9.3,218
2,9.6,224
2,10,233
2.7,11,259
1.5,9.1,214
2.5,9.6,226
2.5,13.1,218
1.5,9.9,232
2,10.2,239
3.5,12.5,293
3.5,13.1,307
2.3,11.4,267
3.5,13.2,311
3.5,12.7,299
3.5,17.3,288
2.7,10.6,249
2.7,11.1,260
2.7,11.1,260
3,9.5,256
3,9.7,260
3.3,10.9,256
3.3,14.9,247
3.3,11.2,263
3.3,14.9,247
3.5,12,281
3.5,12.4,291
3.5,12.7,298
5,12.2,287
5,17.4,290
5,13.1,308
5,17.5,290
5,13.9,326
5,17.5,291
2.7,11.4,268
2.7,11.8,277
2.7,11.8,277
3,10.7,287
3,10.7,287
3,9.9,266
3.3,11.6,273
3.3,15.8,263
3.3,12.4,291
3.3,15.8,263
3.5,12.5,295
3.5,12.9,303
3.5,13.1,308
3.5,12.6,296
5,13.3,312
5,18,300
5,13.9,326
5,18,300
5,14.8,347
5,19.5,323
3.5,14.3,336
3.5,12.7,298
3.5,12.9,303
3.5,13.7,322
1.6,7.6,178
1.6,7.9,184
1.6,8.4,196
1.5,8.7,204
2,5.6,131
3.5,17.1,402
2.3,9.4,221
2.3,10.3,242
2.3,9.7,227
2.3,10.4,244
5,12.3,289
5,13.3,311
5,13.3,311
2.3,10.4,243
2.3,10.3,241
5,12.9,302
2.3,10.9,256
5.2,14.6,341
3.5,14.7,346
3.7,15.2,355
3.5,11.5,270
3.5,15.2,254
3.5,12.5,294
3.5,12.4,291
3.5,16,267
2,9.3,219
2,9.3,219
2,12.6,209
2.5,10.6,247
2,9.2,214
2,9.2,214
2,12.5,208
2.5,10.7,251
2,10.9,255
2,10.3,241
3.3,11.6,274
3.3,11.9,282
3.8,11.7,276
5,13.2,312
3.3,11.9,279
5,13,306
2.5,10.2,237
3.6,11.4,268
2.5,10.5,248
3.6,11.7,275
2.5,10.8,253
2.5,10.7,251
2.8,10.1,270
3.6,11.7,274
2.5,11.4,267
2.8,10.5,283
3.6,12.2,286
2.7,11.1,261
4.3,13.5,317
5.3,13.9,326
5.3,14,329
5.3,18.4,306
5.3,12.5,294
2.7,11.8,277
4.3,14,329
5.3,14,330
5.3,14.4,339
5.3,19.4,323
5.3,13.5,316
5.3,13.7,320
6.2,13.9,326
6.2,14.2,332
5.3,13.5,317
5.3,13.8,325
1.5,8.6,201
1.6,7.4,199
1.5,9,210
1.6,7.4,199
2,10.2,239
5.3,13.4,314
5.3,13.4,314
5.3,17.9,298
5.3,13.7,321
5.3,13.7,321
5.3,18.4,305
6.2,13.8,325
5.3,13.4,314
5.3,13.4,314
5.3,17.9,298
5.3,14.3,336
5.3,14.3,336
5.3,19,317
6.2,14.5,340
1.5,7.2,168
1.5,7.6,177
1.5,7.9,185
2,9.2,214
2,9.1,211
2,5,117
1.5,7.2,167
2,7.1,164
2,7.5,176
2,8.1,189
1.5,7.4,173
1.5,6.9,162
1.5,7.3,170
1.5,7.2,167
1.5,7.3,170
1.5,7.2,167
1.5,7.1,165
2,7.1,167
2,8,186
1.5,7.4,173
2,9.6,224
1.5,7.8,181
1.5,8,188
1.5,6.5,151
1.5,7,166
1.5,7.4,174
1.8,7.8,181
1.8,8.2,193
1.8,8.5,199
1.5,4.9,114
1.5,4.9,114
3.5,10.7,252
3.5,10.6,247
3.5,11.3,265
3.5,10.7,250
3.5,11.3,266
3.5,11,257
3.5,11.3,263
1.6,7.3,172
1.6,7.3,173
1.6,8.1,189
1.6,9.4,221
2,7.4,174
2,8,188
1.6,8.6,205
1.6,9.2,218
2,8.4,200
2,8.7,207
1.6,4.3,104
1.6,4.1,96
2,7.9,186
1.6,8.6,201
2,8.6,202
2.4,9.6,225
2,11.2,262
2.4,10.1,237
3.3,11.5,268
3.3,11.7,276
3.3,12.6,297
2,9.1,212
2.4,8.3,198
2.4,8.1,190
2,5.7,135
2,5.6,132
2,9.1,216
2,10.1,239
2.4,10.1,240
2,8.2,193
2,8.4,198
2,9.5,226
1.6,7.8,184
1.6,8.3,197
2,9.7,229
3,10.8,253
3,11.1,261
2,10,233
3,10.7,251
3,11,259
3.7,11.7,275
5.6,12.8,301
2,9,211
3.5,10.9,257
5.6,15.1,354
2,9.8,231
2,8.1,218
2,9.9,227
3,11.8,277
2,9.2,215
3,10.4,242
3,12.6,296
3,10.8,253
3,12.9,302
3,11.3,265
2,9.2,215
3,10.4,242
3,12.6,296
3,10.8,253
3,12.9,302
3,11.3,265
5,13.3,311
5,13.3,311
2,6.9,186
2,8.5,200
3,10.2,238
2,6.9,186
2,8.8,207
3,10.4,243
3,11.8,276
3,11.9,280
5,13.3,313
2,9.1,214
2.4,9.3,219
3.2,10.2,240
2,9.8,229
2.4,9.8,230
3.2,10.6,249
2,10.2,240
3.2,11.1,259
2,10.6,249
3.2,11.6,269
2.4,9.3,218
2.4,9,211
2.4,9.5,222
2.4,9.4,221
3.6,11.3,265
5.7,14.1,331
3,10,268
6.4,15.7,368
6.2,17.7,413
1.3,8.7,204
2.4,9.5,222
1.3,9.2,216
2.4,9.8,230
1.3,9.9,230
2,10,233
3.6,11.8,274
3.6,11.8,277
2,10.5,245
3.6,11.7,275
3.6,12.2,285
3.3,10.2,238
2,6.9,164
2,7.6,180
1.6,4.8,114
1.6,4.7,110
1.6,5.4,129
2,9.7,230
2.4,8.4,199
2,5.7,133
1.6,7.5,177
1.6,7.5,175
3.3,11.5,272
2.4,9.6,225
2.4,10.2,242
3.3,11.2,265
1.6,8.5,199
1.6,8.4,198
2,8.7,206
2.4,9.2,218
2,11.1,263
2.4,10.5,247
2,9.7,229
3.3,11.8,279
6.5,21.5,487
6.5,21.7,493
5.2,15.9,366
5.2,15.7,370
5.2,15.9,366
5.2,15.7,370
5.2,15.7,370
5.2,15.7,370
4,16.9,384
3,13.3,311
3,10.4,279
2,10.5,246
3,12.4,291
3,9.6,256
5,13,305
5,15.5,365
3,12.4,291
3,9.6,256
5,12.6,294
2,9.6,225
2,9.8,231
2,8.5,229
2,10.6,248
3,11.6,273
2.5,5.3,124
3.5,9.1,211
3.5,9.4,219
3.5,10.9,254
5,12.5,293
4.6,14.6,341
2,9.5,220
3.5,10.9,254
3.5,10.9,254
5,12.6,294
3.5,8.1,189
3.4,11.1,261
3.5,9.1,214
5.7,15.8,371
2,9.7,226
2,9.9,232
2.5,7.5,176
3.5,11.2,262
3.5,11.2,262
5,12.6,289
3.5,10.8,252
3.5,11.1,268
3.5,7.9,185
3.5,8.1,190
2,7.2,168
2,5.6,130
2,6,140
2.7,12,281
3,12.3,289
3.7,12.2,287
2,11,257
2,10.9,256
2.3,11.5,270
3.5,13.7,322
3.7,12.7,297
2,10.4,245
3,11.8,278
2,5.9,139
2,10.7,250
2.7,11,259
3.5,13.4,314
3,12.2,286
3,12.6,295
3,12.6,295
4.7,15,354
3,13.7,324
3,14,330
3.8,15.3,360
3.8,15.3,360
3,12.8,299
3,12.8,301
3.8,13.7,321
2,7.7,179
2,8,186
2,8.1,189
2,8.8,206
2.5,8.8,206
2.5,8.5,201
2.5,9.3,217
2.5,9,208
2.5,9.8,230
2.2,8.4,227
2.5,9.6,225
2.5,10.5,244
2,7.6,178
2,7.7,180
2.5,7.7,181
2.5,7.8,183
2.5,8.2,192
2,7.7,181
2,7.8,181
2.5,8,187
2.5,8.1,189
2.5,8.7,204
2.5,8,187
2.5,8.9,208
2,7.9,186
2,8.1,189
2,8.4,195
2,8.5,199
2,8.3,192
2,8.6,201
3,10.7,253
3,11.2,263
3,11.1,255
3,10.8,255
4,11.2,263
4,11.2,263
4,12,282
4,11.8,277
2,9.2,217
3,10.7,235
3,9.9,232
3,10.9,245
3,10.6,237
3,10.2,239
4,13.5,318
4,12.7,299
4,17,396
2,9.6,225
3,11.2,262
3,11.3,265
4,13.2,309
4,13.2,309
3,12.4,292
3,12.6,297
4.7,15.8,370
4.7,15.2,357
4.7,15.7,370
3,11.2,264
4,13.7,323
4,13.7,324
4,13.5,315
4,13.5,315
4,14,327
4,11.8,275
4,13.1,306
4,11.6,271
6,15.1,356
6,14.3,337
6,14.6,343
5.5,13,303
3,10.2,238
2,8.4,196
2,9.1,215
2,9.4,219
2,9.9,231
2,9.5,221
2,9.5,221
2,8.2,193
2,8.7,204
3,9.8,213
2,9.7,228
3,10.3,244
3,11.6,271
3,11,257
3,10.8,254
4,16.3,378
2,9,209
2,10,234
2,10,234
3,12.1,282
3,13.2,312
4.7,15.1,355
4,12.2,286
6,15.1,355
2,10.7,251
2,10.5,248
2,11.4,268
3,10.8,253
4,11.7,275
4,11.3,265
4,11.3,265
3,10.3,241
4.7,11.6,270
2,8.8,205
1.5,7.9,184
1.5,7.5,175
1.5,7.9,184
1.5,7.5,175
1.5,9,212
1.5,9.1,214
1.5,7.9,184
1.5,7.5,175
1.5,9.2,215
1.5,9.1,214
2,8.4,197
2,9,210
2,8.4,197
2,9,210
2,9.2,214
2,9.7,227
2,8.4,197
2,9,210
2,9.2,215
2,9.7,228
2,8.4,197
2,9,210
2,9.2,214
2,9.7,227
2,8.4,197
2,9.4,220
2,9.3,220
2,9.7,228
1.5,9.3,216
1.2,6.2,143
1.2,6.5,151
1.2,6.4,148
1.2,6.6,153
2.4,9.1,212
3,10.6,246
2,8.8,206
2,9.2,213
2.4,9.4,218
3.7,11.1,261
3.7,11.5,270
3.7,11.5,271
3.7,11.8,279
2.5,7.4,174
2,8.1,190
2.5,7.5,177
2.5,7.9,186
2.5,8.1,190
5.6,15.5,364
2.5,12.3,290
4,12.7,299
4,13.9,326
4,13.5,317
3.8,12.6,295
1.6,7.2,169
3.5,9.9,233
1.6,8,188
1.6,7.9,186
3.5,10.2,240
3.5,10.3,242
2,9.3,218
3.5,10.2,240
3.5,10.7,250
3.5,11,259
2,8,188
2,9.2,217
2,8.4,198
2.5,8.2,192
2.5,8.7,204
1.8,7.3,172
1.8,7.8,183
1.6,8.2,193
1.6,8.3,195
1.6,8.7,205
1.6,8.7,204
5.6,13.3,312
5.6,13.4,315
5.6,14.1,331
1.6,7,164
1.6,7.7,180
3,9.4,221
3,10.1,237
3,9.7,227
3,10.3,241
3,10.4,243
3,11.2,260
3,10.7,249
3,11,258
3,9.7,226
3,10.3,242
3,9.7,228
3,10.4,243
3,10.6,248
3,12.3,286
3,9.6,225
3,10.4,242
3,9.8,230
3,10.5,246
3,10.6,248
3,11,257
3,10.7,250
3,11.2,260
3,9.9,232
3,10.4,243
3,9.9,231
3,10.5,246
3.8,13.5,315
4,13.9,324
4,15.1,352
4,14.4,335
4,14.1,334
4,15.1,350
3,9.8,228
3,10.5,246
3,10.8,251
3,11.4,266
3,10,233
3,10.5,246
3.8,11.4,266
3.8,11.4,267
3.8,11.4,266
3.8,11.4,267
3.8,12.7,297
2,9.4,219
2,9.8,229
2.5,10.6,249
2.5,11,257
2.5,9.9,231
2.5,10.7,249
3,11.4,265
2.9,11.8,275
4,14.1,329
2,9.4,219
2,9.8,229
2.5,10.6,249
2.5,11,257
2.5,9.9,231
2.5,10.7,249
2,11.3,264
3,11.7,272
3,10.7,250
3,10.9,253
3,10.9,253
3,10.7,250
2.9,11.2,261
2.9,11.2,261
2.9,11.6,273
4,12.6,295
4,13.4,313
4,11.2,261
4,11.2,261
4,11.9,279
3.6,10.8,253
3.6,10.4,246
5.7,13.6,320
5.7,12.4,290
3.6,11.1,260
5.7,13.8,325
5.7,12.9,302
3,10.4,278
3.6,11.9,280
3.6,17,283
5.7,14.8,346
5.7,13.6,319
3,10.8,289
3.6,12.6,294
3.6,18,300
5.7,16.3,382
5.7,14,328
2.4,9.9,232
6.7,16.3,382
6.6,17,397
6.6,17,397
6.6,17,397
6.7,16.3,382
6.7,16.3,382
6.6,16.6,388
2.4,10.4,244
2,8.6,200
2,9.9,231
2,8.1,188
2,9.4,220
2.5,8.2,192
2,7.5,174
2,8.9,209
2,7.6,177
2,9,211
2.5,8.2,193
3.6,10.3,241
2.5,8.5,198
3.6,10.5,247
2,11.2,256
2,10,235
2.5,12.7,296
4,13.2,308
4,13.2,308
2,8.7,204
2,9.9,232
3.5,9.4,220
2.5,6.9,164
2.5,7.4,173
2.5,7.5,175
3.5,9,210
3.5,9.2,215
2.5,4.9,113
2.5,5.1,121
2,8.2,189
1.8,7.5,174
1.8,7.6,178
1.8,7.6,178
1.8,6.9,163
2,6.7,157
2,7.5,174
3.5,10.3,243
3.5,10.6,250
3.5,10.6,248
3.5,10.4,242
3.5,8.3,193
1.8,4.4,105
1.8,4.7,109
1.5,5.1,120
2.5,7.8,183
2.5,8.3,190
2.5,6,140
5.7,16.4,384
3.5,10.8,254
3.5,11.7,274
2.7,11.2,263
2.7,11.7,274
3.5,11.9,278
3.5,12.7,299
3.5,12.9,300
5.7,15.9,371
4.6,14.9,354
5.7,16.3,382
1.5,6.6,155
1.5,6.8,164
1.5,7.4,173
1.5,7.2,169
2,10.4,244
2,10.5,245
3.6,12.2,286
2,8.2,191
2,8.2,191
2,8.1,189
2,8.1,189
1.4,7.4,172
1.4,7.4,172
2,8.6,202
2,8.7,203
2,9.2,213
2,9.9,232
1.8,9.4,220
1.8,9.6,225
1.4,7.6,178
1.4,7.4,172
1.8,9.6,224
1.8,9.3,218
1.4,7,162
1.4,7,163
2,8.4,196
2,8.5,200
2,8.1,188
2,9.5,221
2,9.8,228
2,8.4,197
2,9.4,218
2,9.2,215
2,9.4,219
2,8.4,197
2,9.4,219
2,9.3,218
2,9.4,219
2,10,233
2,9,211
2,10,233
2,10.4,242
2,10,233
2,10.7,250
2.4,8.6,199
3.5,10.9,254
3.5,11,258
3,9,210
2,9.9,232
2,10.3,241
3.5,8.4,196
2.4,8.9,209
3.5,9.8,228
3.5,10.3,240
1.8,8.4,197
2,8.7,205
2,9.2,217
2.9,11.6,271
2,9.3,218
2,9.6,226
2.9,12.3,288
4,11.5,271
5.2,13.3,312
5.2,13.8,324
4,11.5,270
4,14.2,333
2,7.8,182
2,9.5,224
2,9.5,224
2,8.8,205
2,8.8,206
2,8.8,205
2,8.8,206
2,8.8,205
2,8.7,205
3,9.7,226
3,10.6,247
3,9.7,226
3,11.5,267
4,13.2,308
2,10.6,248
2,9.7,226
3,12.7,296
3,12.7,296
5.2,14.9,347
5.2,14.9,347
2.5,10.4,243
2,9.5,222
3,10.5,245
3,10.5,245
3,10.8,252
3,10.5,245
2.9,10.9,255
2.9,10.9,255
4,14.5,339
3,11.8,276
2,9.1,213
2,9.1,213
2.5,10.3,241
2,9.4,220
4,13.6,315
6,17.2,401
4,12.4,291
6,15.7,364
4,12.4,291
6,16,373
6,16,373
2,8.7,204
2,9.4,219
2,8.5,200
2,9.4,219
2,8.3,195
2,9.1,213
2,8.7,204
2,9.4,219
2,9.4,219
3,10.7,249
3,9.9,231
3,10,233
3,11,257
3,10,233
2,8.8,206
3,9.5,222
4.4,12.4,290
4.4,12.4,290
4.4,12.4,290
3,12.4,290
3,11.7,273
3,9.9,231
3,10.9,255
3,10,233
3,9.9,231
3,9.9,231
3,10.9,255
3,10.9,255
3,10,233
3,10,233
3,10,233
3,12.7,299
3,12.7,299
3,11.9,280
3,11.9,280
3,12.4,290
3,12.4,290
3,11.7,273
3,11.7,273
3,12.4,290
4.4,13.8,322
4.4,13.8,322
4.4,11.7,273
6.6,15.1,354
4.4,13.8,322
4.4,13.8,322
4.4,13.8,322
4.4,13.8,322
4.4,13.8,322
4.4,13.8,322
4.4,12.4,290
4.4,11.7,273
4.4,12.4,290
2,9.1,213
2,8.8,207
2,9,210
2,9.2,215
3,14.6,339
3,14.6,339
3,10.1,235
2,9.2,215
3,14.6,339
3,14.6,339
3,10.1,235
3,10.5,245
4.4,12.8,302
4.4,12.8,302
3,10.5,245
4.4,12.8,302
3,10.8,254
4.4,13.6,318
4.4,13.6,318
2,8.5,200
3,9.3,216
8,22.2,522
3.6,11.2,263
3.6,11.8,277
1.4,8.7,204
1.4,9.1,214
1.2,8.4,198
1.3,8.5,199
2,10.7,250
2.5,10,234
2,9,211
2,9.6,227
3.6,10.9,255
2,8.7,203
2.7,9.9,232
2,9.1,213
2.7,10.2,238
2.7,10,234
2.7,10.2,238
2,9,209
3,11,256
2,9.5,221
3,11.5,268
3,11.3,263
3,11.8,276
3.6,11,259
4.2,13.8,324
6.2,14.2,333
2,8.9,209
2,9.7,227
2,9.8,227
2,10.1,235
3.6,11.6,270
3.6,11.8,277
2,9.8,225
2.5,10.2,238
2,10.1,232
3.6,11.4,269
2,9.4,219
2,10.1,235
3.6,10.5,247
3.6,11.9,280
6.2,12.1,282
6.2,12.6,296
6.2,15.1,355
6.2,14.8,349
2.5,10.8,252
2.8,10.1,270
3.6,11.7,273
2.5,11.3,265
2.8,10.6,284
3.6,12.2,286
2.8,12.1,326
3.6,14.1,331
6.2,12.4,290
1.5,8.4,196
1.5,8.7,204
2,9.7,228
3.6,10.9,255
3.6,14.7,246
1.5,7.5,189
2,9.1,214
2.7,11.1,262
2.7,11.7,275
3,8.9,238
4.3,13.5,318
5.3,13.9,326
5.3,14.4,339
5.3,19.5,326
5.3,12.2,286
2.7,11.7,275
2.7,12,280
3,9.4,252
4.3,14.1,331
4.3,14.8,349
5.3,14.1,331
5.3,15,350
5.3,20.5,342
5.3,15.1,354
5.3,12.9,303
5.3,12.6,296
5.3,13.1,307
6.2,13.7,321
6.2,15.2,357
6.2,14.2,332
1.4,7.1,167
1.4,7.2,170
5.3,13.4,314
5.3,13.4,314
5.3,17.9,298
5.3,14.4,337
5.3,14.4,337
5.3,19.1,319
6.2,14.6,343
5.3,13.4,314
5.3,13.4,314
5.3,17.9,298
5.3,13.8,325
5.3,13.8,325
5.3,18.4,305
6.2,13.9,327
3.6,11.1,261
3.6,11.8,276
1.4,8.4,196
1.4,9.1,214
3.6,10.3,242
5.7,12.3,289
3.6,11,258
3.6,10.6,249
3.6,10.6,249
3.6,10.3,242
5.7,12.3,289
5.7,13.1,307
6.4,13,305
6.4,13.9,325
3.6,11,258
6.4,13,305
6.4,13.9,325
6.2,14.5,339
6.2,15.1,352
6.2,15.3,358
6.2,15.1,352
3.6,11.6,271
3.6,10.3,242
5.7,12.3,289
6.4,13,305
3.6,11,258
6.4,13,305
6.2,15.6,368
3.6,11.3,265
5.7,14.1,331
6.4,15.6,363
3.6,11.8,276
2.4,11.1,261
1.4,8,187
1.4,7.9,185
1.4,9.4,221
1.3,9.1,213
1,8.4,197
2,9.2,216
2,9.8,229
2,10,233
2,10,233
2.7,11,258
1.5,7.9,185
1.5,8.3,196
2,9.1,213
2.5,5.8,136
2.5,5.9,139
3.5,12.5,294
3.5,13.1,308
2.3,10.3,241
3,11.8,278
3.3,9.6,225
2.7,10.6,249
3,9.8,264
3,9.8,264
3.3,10.8,254
3.3,14.8,245
3.5,12.7,298
5,12.6,297
5,17.6,293
5,13,305
5,17.7,294
5,13.6,319
5,18,300
2.7,11.8,277
3,10.8,290
3,10,270
3.3,11.7,274
3.3,15.9,265
3.5,13,304
3.5,12.6,296
5,13.5,317
5,17.8,296
3.5,14.3,336
1.5,8.7,203
2,5.6,131
3.5,16.6,393
2.3,9.4,221
2.3,10.3,242
2.3,9.7,226
2.3,10.4,244
5,12.3,289
5,13.3,312
5,13.6,319
2.3,10.3,242
2.3,10.4,244
2.3,10.3,240
2.3,10.7,252
5,12.9,303
2.3,10.9,256
5.2,14.5,342
5.2,16.7,392
3.5,14.5,340
3.5,19.1,316
3.5,15,352
3.5,19.8,328
2,9.3,219
2,12.6,209
2,9.3,219
2.5,10.6,247
2,9.2,214
2,9.2,214
2,12.5,208
2.5,10.7,251
2,10.9,255
2,10.2,238
3.3,12,284
3.3,11.9,282
3.8,11.7,276
5,13.2,312
3.3,11.8,280
5,13.1,311
2,9.8,225
2.5,10.2,238
3.6,10.9,257
2,10.1,232
3.6,11.4,269
2.5,10.8,252
2.8,10.1,270
3.6,11.7,273
2.5,11.3,265
2.8,10.6,284
3.6,12.2,286
2.7,11.1,262
2.7,11.7,275
3,9.1,245
4.3,13.5,318
5.3,13.9,326
5.3,14.4,339
5.3,19.5,326
5.3,12.2,288
2.7,11.7,275
2.7,12,280
3,9.9,265
3,9.9,265
4.3,14.1,331
5.3,14.1,331
5.3,14.7,344
5.3,19.5,325
5.3,15.1,354
5.3,13,304
5.3,13.4,314
5.3,12.7,298
5.3,13.1,307
6.2,13.9,326
6.2,14.2,332
1.5,8.6,202
1.5,9,210
2,10.2,239
5.3,13.4,314
5.3,13.4,314
5.3,17.9,298
5.3,13.8,325
5.3,13.8,325
5.3,18.4,305
6.2,13.9,327
5.3,13.4,314
5.3,13.4,314
5.3,17.9,298
5.3,14.4,337
5.3,14.4,337
5.3,19.1,319
6.2,14.6,343
1.5,7.2,170
1.5,7.6,177
1.5,7.9,185
2,9.2,214
2,9.1,211
2,5,117
1.5,7.2,167
2,7.1,164
2,7.5,176
2,8.1,189
1.5,7.8,183
1.5,6.9,162
1.5,7.2,167
1.5,7.4,172
1.5,7.2,167
1.5,7.1,165
2,7.1,167
2,7.4,172
2,8,186
1.5,7.8,183
2,9.6,223
1.5,7.7,180
1.5,8.1,189
1.5,6.5,151
1.5,7,166
1.5,7.4,174
1.8,7.8,181
1.8,8.2,193
1.8,8.5,200
1.5,4.9,115
3.5,10.6,248
3.5,11.3,265
3.5,11.3,266
3.5,11,257
3.5,11.4,269
1.6,6.7,160
1.6,7,168
1.6,8.1,192
1.6,9,214
2,6.8,161
2,7.9,187
1.6,8.6,205
1.6,9.2,218
2,8.4,199
2,8.7,207
1.6,4.2,99
1.6,4.1,96
2,7.9,187
1.6,8.6,201
2,8.6,202
3.8,10.5,250
3.8,11.1,265
2.4,9.6,225
2,10.7,255
2.4,10.1,238
1.6,7.7,181
2.5,7.7,182
2,5,117
2,9.1,216
2,10.1,239
2.4,10.1,241
1.6,7.8,184
1.6,8.3,196
2,8.2,193
2,9.5,226
1.6,7.5,178
1.6,7.8,184
3,10.8,254
3,11.1,261
3,10.7,251
3,11,259
2,9.7,228
3.5,10.9,257
5.6,15.3,360
2,9.8,231
2,10.1,236
2,9.9,227
2,9.9,232
3,11.8,277
5,12.9,303
2,9.2,215
3,10.4,242
3,10.8,253
3,11.3,265
5,12.7,299
5,12.7,299
2,9.2,215
3,10.4,242
3,10.8,253
3,11.3,265
5,12.7,299
5,12.7,299
2,8.5,200
2,9.4,220
2,8.8,207
2,9.2,217
3,10.4,243
2,9.1,214
2.4,9.3,219
3.2,10.2,240
2,9.8,229
2.4,9.8,230
3.2,10.6,249
2,10.2,240
3.2,11.1,259
2,10.6,249
3.2,11.6,269
2.4,9.3,218
2.4,9,211
2.4,9.5,222
2.4,9.4,221
3.6,12.3,290
3.6,12.6,296
3.6,11.3,265
5.7,14.1,331
6.2,17.7,413
6.4,15.7,368
1.3,8.7,204
2.4,9.5,222
1.3,9.2,216
1.3,9.9,230
2.4,9.8,230
2,10.3,241
3.6,11.8,274
3.6,11,259
3.6,11.8,277
2,11.2,263
2,10.9,257
3,9.5,255
3.6,11.9,280
3.6,11.8,276
3.6,12.2,285
1.6,7.8,184
2,7,165
2,7.6,180
1.6,8,190
2,7.1,169
1.6,4.8,114
1.6,4.7,110
1.6,5.4,129
2.4,8.4,199
2,5.6,132
1.6,6.6,151
1.6,7,167
3.3,11.5,271
2.4,10.2,242
3.3,11.1,261
2,7.9,188
2,8.7,206
2.4,9,214
2,11,261
2.4,10,239
3.3,11.8,279
3.8,11.2,264
6.5,21.4,485
6.5,21.7,493
5.2,15.7,370
5.2,15.7,370
5.2,15.7,370
5.2,15.7,370
4,16.9,384
3,13.3,311
3,10.4,279
2,11.3,266
2,11.1,262
3,11,258
3,9.6,256
5,12.9,305
5,13,305
5,15.1,354
5,15.5,365
3,11.3,264
3,9.6,256
5,12.6,294
5,14.3,336
2,10.4,245
2,10.3,242
2,10.2,238
2,10.6,248
3,11.6,273
3,11.6,273
5,13.5,318
2.5,5.3,124
3.5,9.1,213
3.5,9.4,219
3.5,10.9,254
5,12.5,293
4.6,14.5,337
2,9.5,220
3.5,10.9,254
3.5,10.9,254
5,12.6,294
3.5,8.1,189
3.4,11.1,262
3.5,9.1,214
5.7,16.9,395
2,9.7,226
2,9.9,232
2.5,7.5,176
3.5,11.2,262
3.5,11.2,262
5,12.2,285
3.5,10.8,252
3.5,11.1,268
3.5,7.9,185
3.5,8.1,190
2,7.2,168
2,6,140
3,11.9,280
2.7,12,281
3,12.3,289
3.7,12.2,287
2,9.8,229
2.3,9.8,230
2,10.4,245
2,5.6,131
2,10.7,250
2.7,11,258
3.5,13.4,315
3,12.2,286
3,12.2,286
3,12.6,295
3,13.7,324
3,13.7,324
3.8,15.3,360
3.8,15.3,360
3,12.2,286
3,12.8,301
3.8,13.7,321
2,7.7,179
2,8,186
2,8.1,189
2,8.1,189
2.5,8.3,194
2,8.6,202
2.5,8.9,208
2.5,8.6,200
2.5,8.8,206
2.5,8.5,201
2.5,9.3,217
2.5,9,208
2.5,9.8,230
2.5,10.5,244
2,7.6,178
2,7.7,180
2.5,7.7,181
2.5,7.8,183
2.5,8.2,192
2,7.7,181
2,7.8,181
2.5,8,187
2.5,8.1,189
2.5,8.7,204
2.5,8,188
2.5,8.9,208
2,7.9,186
2,8.1,189
3,10.7,253
3,11.2,263
3,11.1,255
3,10.8,255
4,11.2,263
4,11.2,263
4,12,282
4,11.8,277
3,10.7,235
3,9.9,232
3,10.9,245
3,10.6,237
4,13.5,318
4,12.7,299
4,17,396
4,13.2,309
4,13.2,309
4,14,327
4,11.8,275
4,13.1,306
4,11.6,271
6,15.1,356
2,9.4,219
2,9.9,231
2,9.5,221
2,9.5,221
3,9.8,213
3,11.6,271
3,11,257
4,16.3,378
4,12.2,286
6,15.1,355
3,10.8,253
4,11.3,265
4,11.3,265
4.7,11.6,270
2,8.8,205
1.5,7.5,174
1.5,7.5,174
1.5,8.5,197
1.5,7.5,174
1.5,8.6,200
2,7.9,184
2,7.9,184
2,8.9,207
2,8.1,191
2,9.1,212
2,8.1,190
2,9,210
2,8.3,194
2,9,210
1.5,9.3,216
1.2,6.2,143
1.2,6.5,151
2.4,9.1,212
3,10.6,246
2,8.8,206
2,9.2,213
2.4,9.4,218
3.7,11.1,261
3.7,11.5,270
3.7,11.5,271
3.7,11.8,279
2.5,7.9,186
2.5,8.1,190
5.6,15.4,362
3.8,11.6,273
3.8,12.2,287
3.8,12.8,300
1.6,7.2,169
3.5,9.9,233
3.5,10.2,240
3.5,10.3,242
2,9.3,218
2,8.2,192
2,9.2,217
2,8.4,198
3.5,10.2,240
3.5,10.7,251
3.5,11,257
2.5,8.2,192
2.5,8.7,204
2,7.1,167
2,7.3,171
2,8,188
5.6,13.3,313
5.6,13.3,313
1.6,6.7,158
1.6,7.7,181
3,11.5,271
3,11.6,272
3,11.8,277
3,11.8,277
3,11.5,269
2.9,11.9,278
4,14.1,329
2,11.3,264
3,11.7,272
3,10.7,250
3,10.9,253
3,10.9,253
3,10.7,250
2.9,11.2,261
2.9,11.2,261
2.9,11.6,273
4,12.6,295
4,13.4,313
4,11.2,261
4,11.2,261
4,11.9,279
3,9,243
3.6,10.8,253
3.6,10.4,245
5.7,13.6,320
5.7,12.4,290
3,9.7,260
3.6,11.1,260
5.7,13.8,325
5.7,12.8,299
3.6,11.9,280
5.7,13.6,319
3.6,12.6,294
5.7,14.1,330
2.4,9.9,232
6.7,16.5,386
6.7,16.5,386
6.6,17.1,400
6.6,17.1,400
6.6,17.1,400
6.7,16.3,382
6.7,16.3,382
6.6,16.5,387
2.4,10.4,244
2,8.6,200
2,9.9,231
2,10.2,239
2,7.9,185
2,9.4,220
2.5,8.2,192
2,7.5,174
2,9,210
2,7.6,178
2,9,211
2.4,8.7,205
2.5,7.9,185
2.4,9.1,213
2.5,8.2,192
2,11.5,263
2,10.1,236
2.5,12.7,297
4,13.8,321
4,13.8,321
2,8.7,204
2,9.9,232
3.5,9.4,220
2,8.2,189
2.5,6.9,164
2.5,7.4,173
2.5,7.6,177
3.5,9,210
3.5,9.2,215
3.5,9.4,220
2.5,8.2,190
2.5,8.4,197
2.5,4.9,113
2.5,5.1,121
1.8,7.1,165
1.8,7.3,170
1.8,7.1,165
2,6.7,158
2,7,164
2,7.4,173
2,6.7,158
2,7.5,174
1.8,4.5,106
3,8.9,208
3.5,10.3,240
3.5,10.3,240
2.5,6.7,158
2.5,6.7,156
1.8,4.5,106
1.8,4.7,109
1.5,5.1,120
2.5,7.9,184
2.5,8.2,194
2.5,8.6,200
2.5,6,139
5.7,16.4,385
3.5,11,259
3.5,11.7,274
2.7,11.2,263
2.7,11.7,274
3.5,11.9,278
3.5,12.7,299
3.5,12.9,300
5.7,15.9,371
5.7,16.3,381
1.5,6.6,155
1.5,6.9,165
2,10,234
2,11.7,273
1.4,7.4,174
1.4,7.6,177
2,8.7,203
2,8.7,203
1.4,7,162
1.4,7,163
2,8.4,196
2,8.5,198
2,8.7,205
2,9.4,221
2,10.2,241
2,8.9,208
2,9.4,219
2,9.6,223
2,8.9,208
2,9.4,219
2,9.4,220
2,9,210
2,9.4,219
2,9.9,232
2,10.3,240
2,9.9,232
2,10.7,248
